Date,Pattern,Signal
2018-10-01,CDLENGULFING,100
2018-10-03,CDLHIKKAKE,100
2018-10-11,CDLCLOSINGMARUBOZU,-100
2018-10-11,CDLMARUBOZU,-100
2018-10-11,CDLBELTHOLD,-100
2018-10-11,CDLLONGLINE,-100
2018-10-11,CDLHIKKAKE,100
2018-10-12,CDLLONGLINE,100
2018-10-12,CDLCLOSINGMARUBOZU,100
2018-10-12,CDLBELTHOLD,100
2018-10-12,CDLMARUBOZU,100
2018-10-15,CDLHARAMICROSS,-100
2018-10-15,CDLSPINNINGTOP,100
2018-10-15,CDLLONGLEGGEDDOJI,100
2018-10-15,CDLRICKSHAWMAN,100
2018-10-15,CDLDOJI,100
2018-10-15,CDLHARAMI,-100
2018-10-16,CDLSHORTLINE,-100
2018-10-16,CDLLONGLEGGEDDOJI,100
2018-10-16,CDLDOJI,100
2018-10-17,CDLSHORTLINE,-100
2018-10-18,CDLSHORTLINE,-100
2018-10-19,CDLHAMMER,100
2018-10-22,CDLSHORTLINE,100
2018-10-23,CDLGRAVESTONEDOJI,100
2018-10-23,CDLDOJI,100
2018-10-23,CDLSHORTLINE,-100
2018-10-23,CDLLONGLEGGEDDOJI,100
2018-10-24,CDLDOJI,100
2018-10-24,CDLSHORTLINE,100
2018-10-24,CDLLONGLEGGEDDOJI,100
2018-10-24,CDLINVERTEDHAMMER,100
2018-10-26,CDLBELTHOLD,-100
2018-10-29,CDLBELTHOLD,-100
2018-10-29,CDLLONGLINE,-100
2018-10-30,CDLBELTHOLD,-100
2018-10-30,CDLHIKKAKE,100
2018-11-01,CDLBELTHOLD,100
2018-11-01,CDLMARUBOZU,100
2018-11-01,CDLLONGLINE,100
2018-11-01,CDLCLOSINGMARUBOZU,100
2018-11-02,CDLSHORTLINE,-100
2018-11-05,CDLENGULFING,100
2018-11-06,CDL3OUTSIDE,100
2018-11-06,CDLBELTHOLD,-100
2018-11-06,CDLCLOSINGMARUBOZU,-100
2018-11-06,CDLLONGLINE,-100
2018-11-06,CDLMARUBOZU,-100
2018-11-07,CDLHAMMER,100
2018-11-08,CDLDOJI,100
2018-11-08,CDLSPINNINGTOP,-100
2018-11-08,CDLLONGLEGGEDDOJI,100
2018-11-08,CDLRICKSHAWMAN,100
2018-11-09,CDLDOJI,100
2018-11-09,CDLTAKURI,100
2018-11-09,CDLDRAGONFLYDOJI,100
2018-11-09,CDLLONGLEGGEDDOJI,100
2018-11-12,CDLSPINNINGTOP,-100
2018-11-12,CDLHIGHWAVE,-100
2018-11-13,CDLBELTHOLD,100
2018-11-13,CDLENGULFING,100
2018-11-14,CDLLONGLINE,100
2018-11-14,CDLCLOSINGMARUBOZU,100
2018-11-14,CDLHIKKAKE,-100
2018-11-14,CDLMARUBOZU,100
2018-11-14,CDL3OUTSIDE,100
2018-11-14,CDLBELTHOLD,100
2018-11-15,CDLHARAMI,-100
2018-11-16,CDLLONGLEGGEDDOJI,100
2018-11-16,CDLHIGHWAVE,100
2018-11-16,CDLRICKSHAWMAN,100
2018-11-16,CDLSPINNINGTOP,100
2018-11-16,CDLDOJI,100
2018-11-19,CDLSHORTLINE,100
2018-11-21,CDLTAKURI,100
2018-11-21,CDLDRAGONFLYDOJI,100
2018-11-21,CDLHAMMER,100
2018-11-21,CDLLONGLEGGEDDOJI,100
2018-11-21,CDLDOJI,100
2018-11-22,CDLSHORTLINE,-100
2018-11-23,CDLSHORTLINE,-100
2018-11-26,CDLHANGINGMAN,-100
2018-11-26,CDLSHORTLINE,-100
2018-11-27,CDLBELTHOLD,100
2018-11-27,CDLMARUBOZU,100
2018-11-27,CDLLONGLINE,100
2018-11-27,CDLCLOSINGMARUBOZU,100
2018-11-28,CDLHIGHWAVE,100
2018-11-28,CDLSPINNINGTOP,100
2018-11-29,CDLINVERTEDHAMMER,100
2018-11-30,CDLHIKKAKE,100
2018-12-03,CDLSHORTLINE,100
2018-12-04,CDLDOJI,100
2018-12-04,CDLSHORTLINE,100
2018-12-05,CDLHIGHWAVE,100
2018-12-05,CDLSPINNINGTOP,100
2018-12-05,CDLHIKKAKE,100
2018-12-06,CDLBELTHOLD,-100
2018-12-06,CDLLONGLINE,-100
2018-12-06,CDLCLOSINGMARUBOZU,-100
2018-12-06,CDLMARUBOZU,-100
2018-12-07,CDLSPINNINGTOP,100
2018-12-07,CDLRICKSHAWMAN,100
2018-12-07,CDLHIGHWAVE,100
2018-12-07,CDLDOJI,100
2018-12-07,CDLSHORTLINE,100
2018-12-07,CDLLONGLEGGEDDOJI,100
2018-12-10,CDLBELTHOLD,100
2018-12-11,CDLLONGLEGGEDDOJI,100
2018-12-11,CDLDOJI,100
2018-12-11,CDLSHORTLINE,-100
2018-12-12,CDLLONGLINE,100
2018-12-13,CDLSPINNINGTOP,-100
2018-12-14,CDLLONGLINE,-100
2018-12-14,CDLCLOSINGMARUBOZU,-100
2018-12-18,CDLSPINNINGTOP,-100
2018-12-19,CDLBELTHOLD,-100
2018-12-20,CDLHIGHWAVE,100
2018-12-20,CDLDOJI,100
2018-12-20,CDLDOJISTAR,100
2018-12-20,CDLLONGLEGGEDDOJI,100
2018-12-20,CDLSPINNINGTOP,100
2018-12-24,CDLHANGINGMAN,-100
2018-12-24,CDLMATCHINGLOW,100
2018-12-25,CDLBELTHOLD,-100
2018-12-26,CDLCLOSINGMARUBOZU,-100
2018-12-26,CDLLONGLINE,-100
2018-12-26,CDLMARUBOZU,-100
2018-12-26,CDLBELTHOLD,-100
2018-12-27,CDLSPINNINGTOP,100
2018-12-27,CDLHARAMI,100
2018-12-27,CDLSHORTLINE,100
2018-12-27,CDLDOJI,100
2018-12-27,CDLRICKSHAWMAN,100
2018-12-27,CDLHARAMICROSS,100
2018-12-27,CDLLONGLEGGEDDOJI,100
2018-12-28,CDLLONGLEGGEDDOJI,100
2018-12-28,CDLHIGHWAVE,100
2018-12-28,CDLSHORTLINE,100
2018-12-28,CDLSPINNINGTOP,100
2018-12-28,CDLDOJI,100
2018-12-28,CDLRICKSHAWMAN,100
2019-01-02,CDLLONGLINE,-100
2019-01-02,CDLSEPARATINGLINES,-100
2019-01-02,CDLBELTHOLD,-100
2019-01-03,CDLSHORTLINE,-100
2019-01-04,CDLSHORTLINE,-100
2019-01-07,CDLHAMMER,100
2019-01-09,CDLCLOSINGMARUBOZU,100
2019-01-09,CDLMARUBOZU,100
2019-01-09,CDLLONGLINE,100
2019-01-09,CDLBELTHOLD,100
2019-01-10,CDLHARAMI,-100
2019-01-11,CDLHIKKAKE,100
2019-01-11,CDLHAMMER,100
2019-01-14,CDLLONGLINE,100
2019-01-14,CDLCLOSINGMARUBOZU,100
2019-01-14,CDLBELTHOLD,100
2019-01-14,CDLMARUBOZU,100
2019-01-15,CDLBELTHOLD,-100
2019-01-17,CDLBELTHOLD,100
2019-01-22,CDLSHORTLINE,100
2019-01-23,CDLSHORTLINE,100
2019-01-24,CDLLONGLEGGEDDOJI,100
2019-01-24,CDLHIGHWAVE,100
2019-01-24,CDLSPINNINGTOP,100
2019-01-24,CDLDOJI,100
2019-01-25,CDLSPINNINGTOP,-100
2019-01-28,CDLSPINNINGTOP,-100
2019-01-29,CDLSHORTLINE,-100
2019-01-30,CDLMATCHINGLOW,100
2019-02-11,CDLSHOOTINGSTAR,-100
2019-02-12,CDLCLOSINGMARUBOZU,100
2019-02-12,CDLLONGLINE,100
2019-02-13,CDLCLOSINGMARUBOZU,100
2019-02-14,CDLHIGHWAVE,-100
2019-02-14,CDLSPINNINGTOP,-100
2019-02-15,CDLSHORTLINE,-100
2019-02-18,CDLBELTHOLD,-100
2019-02-18,CDLMARUBOZU,-100
2019-02-18,CDLLONGLINE,-100
2019-02-18,CDLCLOSINGMARUBOZU,-100
2019-02-19,CDLSPINNINGTOP,100
2019-02-19,CDLHIGHWAVE,100
2019-02-20,CDLBELTHOLD,100
2019-02-20,CDLMARUBOZU,100
2019-02-20,CDLLONGLINE,100
2019-02-20,CDLCLOSINGMARUBOZU,100
2019-02-21,CDLSPINNINGTOP,100
2019-02-22,CDLBELTHOLD,-100
2019-02-25,CDLSHORTLINE,100
2019-02-26,CDLSHORTLINE,-100
2019-03-04,CDLLONGLEGGEDDOJI,100
2019-03-04,CDLGRAVESTONEDOJI,100
2019-03-04,CDLDOJI,100
2019-03-05,CDLBELTHOLD,100
2019-03-07,CDLLONGLINE,-100
2019-03-08,CDLTAKURI,100
2019-03-08,CDLDRAGONFLYDOJI,100
2019-03-08,CDLDOJISTAR,100
2019-03-08,CDLHAMMER,100
2019-03-08,CDLLONGLEGGEDDOJI,100
2019-03-08,CDLDOJI,100
2019-03-11,CDLBELTHOLD,-100
2019-03-11,CDLMARUBOZU,-100
2019-03-11,CDLCLOSINGMARUBOZU,-100
2019-03-11,CDLLONGLINE,-100
2019-03-12,CDLSHORTLINE,100
2019-03-14,CDLSPINNINGTOP,100
2019-03-19,CDLSHORTLINE,100
2019-03-20,CDLLONGLINE,100
2019-03-20,CDLHIKKAKE,-100
2019-03-21,CDLHARAMI,-100
2019-03-22,CDLBELTHOLD,-100
2019-03-22,CDL3INSIDE,-100
2019-03-22,CDLLONGLINE,-100
2019-03-25,CDLHIKKAKE,-200
2019-03-26,CDLMATCHINGLOW,100
2019-03-26,CDLSHORTLINE,-100
2019-03-27,CDLSPINNINGTOP,100
2019-03-27,CDLHIGHWAVE,100
2019-03-28,CDLLONGLEGGEDDOJI,100
2019-03-28,CDLTAKURI,100
2019-03-28,CDLDOJI,100
2019-03-28,CDLDRAGONFLYDOJI,100
2019-03-28,CDLGAPSIDESIDEWHITE,100
2019-03-29,CDLBELTHOLD,-100
2019-03-29,CDLENGULFING,-100
2019-03-29,CDLLONGLINE,-100
2019-03-29,CDLCLOSINGMARUBOZU,-100
2019-03-29,CDLMARUBOZU,-100
2019-04-01,CDLLONGLINE,100
2019-04-01,CDLINNECK,-100
2019-04-01,CDLCLOSINGMARUBOZU,100
2019-04-01,CDLMARUBOZU,100
2019-04-01,CDLCOUNTERATTACK,100
2019-04-01,CDLBELTHOLD,100
2019-04-02,CDLSHORTLINE,100
2019-04-03,CDLDOJI,100
2019-04-03,CDLHIGHWAVE,100
2019-04-03,CDLLONGLEGGEDDOJI,100
2019-04-03,CDLRICKSHAWMAN,100
2019-04-03,CDLSPINNINGTOP,100
2019-04-08,CDLLONGLEGGEDDOJI,100
2019-04-08,CDLHIGHWAVE,100
2019-04-08,CDLRICKSHAWMAN,100
2019-04-08,CDLSPINNINGTOP,100
2019-04-08,CDLDOJI,100
2019-04-08,CDLSHORTLINE,100
2019-04-09,CDLBELTHOLD,100
2019-04-09,CDLHIKKAKE,-100
2019-04-10,CDLBELTHOLD,-100
2019-04-10,CDLCLOSINGMARUBOZU,-100
2019-04-10,CDLLONGLINE,-100
2019-04-10,CDLMARUBOZU,-100
2019-04-11,CDLTHRUSTING,-100
2019-04-11,CDLSHORTLINE,100
2019-04-12,CDLLONGLINE,100
2019-04-12,CDLCLOSINGMARUBOZU,100
2019-04-15,CDLLONGLEGGEDDOJI,100
2019-04-15,CDLDOJI,100
2019-04-15,CDLHIGHWAVE,100
2019-04-15,CDLSPINNINGTOP,100
2019-04-16,CDLCLOSINGMARUBOZU,-100
2019-04-16,CDLLONGLINE,-100
2019-04-16,CDLBELTHOLD,-100
2019-04-16,CDLMARUBOZU,-100
2019-04-17,CDLHANGINGMAN,-100
2019-04-17,CDLSHORTLINE,100
2019-04-18,CDLBELTHOLD,-100
2019-04-19,CDLHAMMER,100
2019-04-22,CDLSHORTLINE,-100
2019-04-24,CDLDOJI,100
2019-04-24,CDLDRAGONFLYDOJI,100
2019-04-24,CDLTAKURI,100
2019-04-24,CDLHAMMER,100
2019-04-24,CDLLONGLEGGEDDOJI,100
2019-04-26,CDLSHORTLINE,-100
2019-04-29,CDLCLOSINGMARUBOZU,-100
2019-04-29,CDLMARUBOZU,-100
2019-04-29,CDLLONGLINE,-100
2019-04-29,CDLBELTHOLD,-100
2019-04-29,CDLHIKKAKE,100
2019-04-30,CDLCLOSINGMARUBOZU,100
2019-04-30,CDLMARUBOZU,100
2019-04-30,CDLBELTHOLD,100
2019-04-30,CDLLONGLINE,100
2019-05-02,CDLHIKKAKE,200
2019-05-02,CDLBELTHOLD,100
2019-05-02,CDLLONGLINE,100
2019-05-03,CDLADVANCEBLOCK,-100
2019-05-06,CDLLONGLINE,-100
2019-05-06,CDLBELTHOLD,-100
2019-05-07,CDLBELTHOLD,100
2019-05-09,CDLSPINNINGTOP,-100
2019-05-09,CDLHIKKAKE,100
2019-05-10,CDLDRAGONFLYDOJI,100
2019-05-10,CDLTAKURI,100
2019-05-10,CDLDOJI,100
2019-05-10,CDLLONGLEGGEDDOJI,100
2019-05-10,CDLHAMMER,100
2019-05-13,CDLBELTHOLD,-100
2019-05-14,CDLBELTHOLD,-100
2019-05-16,CDLBELTHOLD,100
2019-05-17,CDLLONGLINE,-100
2019-05-17,CDLCLOSINGMARUBOZU,-100
2019-05-17,CDLMARUBOZU,-100
2019-05-17,CDLBELTHOLD,-100
2019-05-20,CDLPIERCING,100
2019-05-20,CDLBELTHOLD,100
2019-05-21,CDLCLOSINGMARUBOZU,100
2019-05-22,CDLSTALLEDPATTERN,-100
2019-05-22,CDLHIKKAKE,-100
2019-05-23,CDLSHORTLINE,-100
2019-05-24,CDLBELTHOLD,100
2019-05-27,CDLSHORTLINE,100
2019-05-28,CDLLONGLEGGEDDOJI,100
2019-05-28,CDLDOJI,100
2019-05-28,CDLSPINNINGTOP,100
2019-05-28,CDLRICKSHAWMAN,100
2019-05-28,CDLHIGHWAVE,100
2019-05-29,CDLSPINNINGTOP,100
2019-05-29,CDLLONGLEGGEDDOJI,100
2019-05-29,CDLHIGHWAVE,100
2019-05-29,CDLDOJI,100
2019-05-29,CDLSHORTLINE,100
2019-05-29,CDLRICKSHAWMAN,100
2019-05-30,CDLSHORTLINE,100
2019-05-31,CDLRICKSHAWMAN,100
2019-05-31,CDLSHORTLINE,100
2019-05-31,CDLLONGLEGGEDDOJI,100
2019-05-31,CDLDOJI,100
2019-05-31,CDLSPINNINGTOP,100
2019-05-31,CDLHIGHWAVE,100
2019-06-03,CDLBELTHOLD,-100
2019-06-04,CDLHARAMI,100
2019-06-04,CDLDRAGONFLYDOJI,100
2019-06-04,CDLTAKURI,100
2019-06-04,CDLHARAMICROSS,100
2019-06-04,CDLLONGLEGGEDDOJI,100
2019-06-04,CDLSHORTLINE,100
2019-06-04,CDLDOJI,100
2019-06-05,CDLHIKKAKE,-100
2019-06-10,CDLBELTHOLD,-100
2019-06-10,CDLHIKKAKE,-100
2019-06-10,CDLLONGLINE,-100
2019-06-11,CDLMARUBOZU,-100
2019-06-11,CDLCLOSINGMARUBOZU,-100
2019-06-11,CDLLONGLINE,-100
2019-06-11,CDLBELTHOLD,-100
2019-06-12,CDLSHORTLINE,100
2019-06-12,CDLDOJI,100
2019-06-13,CDLCLOSINGMARUBOZU,100
2019-06-13,CDLLONGLINE,100
2019-06-13,CDLBELTHOLD,100
2019-06-13,CDLMARUBOZU,100
2019-06-14,CDLMARUBOZU,100
2019-06-14,CDLCLOSINGMARUBOZU,100
2019-06-14,CDLLONGLINE,100
2019-06-14,CDLBELTHOLD,100
2019-06-17,CDLHARAMI,-100
2019-06-17,CDLSHORTLINE,100
2019-06-18,CDLSHOOTINGSTAR,-100
2019-06-18,CDLHIKKAKE,-100
2019-06-19,CDLCLOSINGMARUBOZU,100
2019-06-19,CDLBELTHOLD,100
2019-06-19,CDLLONGLINE,100
2019-06-19,CDLMARUBOZU,100
2019-06-20,CDLCLOSINGMARUBOZU,100
2019-06-21,CDLHANGINGMAN,-100
2019-06-24,CDLCLOSINGMARUBOZU,-100
2019-06-24,CDLEVENINGSTAR,-100
2019-06-25,CDLDOJI,100
2019-06-25,CDLLONGLEGGEDDOJI,100
2019-06-25,CDLGRAVESTONEDOJI,100
2019-06-26,CDLBELTHOLD,-100
2019-06-26,CDLMARUBOZU,-100
2019-06-26,CDLLONGLINE,-100
2019-06-26,CDLENGULFING,-100
2019-06-26,CDLCLOSINGMARUBOZU,-100
2019-06-27,CDLSHORTLINE,100
2019-06-28,CDLHAMMER,100
2019-07-01,CDLBELTHOLD,100
2019-07-02,CDLBELTHOLD,100
2019-07-04,CDLDOJI,100
2019-07-04,CDLSHORTLINE,100
2019-07-05,CDLHAMMER,100
2019-07-05,CDLSTICKSANDWICH,100
2019-07-08,CDLCLOSINGMARUBOZU,100
2019-07-10,CDLCLOSINGMARUBOZU,100
2019-07-11,CDLLONGLINE,-100
2019-07-11,CDLCLOSINGMARUBOZU,-100
2019-07-11,CDLBELTHOLD,-100
2019-07-11,CDLMARUBOZU,-100
2019-07-15,CDLCLOSINGMARUBOZU,100
2019-07-15,CDLLONGLINE,100
2019-07-16,CDLDOJI,100
2019-07-16,CDLHANGINGMAN,-100
2019-07-16,CDLDOJISTAR,-100
2019-07-16,CDLDRAGONFLYDOJI,100
2019-07-16,CDLLONGLEGGEDDOJI,100
2019-07-16,CDLSHORTLINE,100
2019-07-16,CDLTAKURI,100
2019-07-17,CDLHANGINGMAN,-100
2019-07-17,CDLHAMMER,100
2019-07-18,CDLHANGINGMAN,-100
2019-07-19,CDLLONGLEGGEDDOJI,100
2019-07-19,CDLDOJI,100
2019-07-19,CDLSHORTLINE,100
2019-07-19,CDLTAKURI,100
2019-07-19,CDLDRAGONFLYDOJI,100
2019-07-22,CDLSHORTLINE,-100
2019-07-24,CDLMATCHINGLOW,100
2019-07-24,CDLSHORTLINE,-100
2019-07-26,CDLSHORTLINE,100
2019-07-29,CDLCLOSINGMARUBOZU,100
2019-07-30,CDLLONGLINE,100
2019-07-31,CDLHARAMI,-100
2019-08-01,CDLCLOSINGMARUBOZU,100
2019-08-01,CDLLONGLINE,100
2019-08-02,CDLHARAMI,-100
2019-08-05,CDLSPINNINGTOP,100
2019-08-05,CDLDOJI,100
2019-08-05,CDLHIGHWAVE,100
2019-08-05,CDLLONGLEGGEDDOJI,100
2019-08-06,CDLHAMMER,100
2019-08-07,CDLSHORTLINE,100
2019-08-07,CDLDOJI,100
2019-08-08,CDLBELTHOLD,100
2019-08-12,CDLSHOOTINGSTAR,-100
2019-08-13,CDLCLOSINGMARUBOZU,-100
2019-08-14,CDLBELTHOLD,100
2019-08-16,CDLBELTHOLD,100
2019-08-21,CDLTAKURI,100
2019-08-21,CDLDRAGONFLYDOJI,100
2019-08-21,CDLHAMMER,100
2019-08-21,CDLDOJI,100
2019-08-21,CDLLONGLEGGEDDOJI,100
2019-08-26,CDLTAKURI,100
2019-08-26,CDLDRAGONFLYDOJI,100
2019-08-26,CDLHAMMER,100
2019-08-26,CDLLONGLEGGEDDOJI,100
2019-08-26,CDLDOJI,100
2019-08-27,CDLTAKURI,100
2019-08-27,CDLLONGLEGGEDDOJI,100
2019-08-27,CDLHANGINGMAN,-100
2019-08-27,CDLDRAGONFLYDOJI,100
2019-08-27,CDLDOJI,100
2019-08-29,CDLSHORTLINE,100
2019-08-30,CDLCLOSINGMARUBOZU,-100
2019-08-30,CDLMARUBOZU,-100
2019-08-30,CDLENGULFING,-100
2019-08-30,CDLBELTHOLD,-100
2019-08-30,CDLLONGLINE,-100
2019-09-02,CDLSHORTLINE,-100
2019-09-02,CDL3OUTSIDE,-100
2019-09-03,CDLBELTHOLD,100
2019-09-03,CDLENGULFING,100
2019-09-03,CDLLONGLINE,100
2019-09-03,CDLCLOSINGMARUBOZU,100
2019-09-03,CDLMARUBOZU,100
2019-09-04,CDLLONGLINE,-100
2019-09-04,CDLBELTHOLD,-100
2019-09-05,CDLDOJI,100
2019-09-05,CDLTAKURI,100
2019-09-05,CDLDRAGONFLYDOJI,100
2019-09-05,CDLHAMMER,100
2019-09-05,CDLLONGLEGGEDDOJI,100
2019-09-06,CDLMARUBOZU,-100
2019-09-06,CDLLONGLINE,-100
2019-09-06,CDLBELTHOLD,-100
2019-09-06,CDLCLOSINGMARUBOZU,-100
2019-09-10,CDLSHORTLINE,-100
2019-09-10,CDLHIKKAKE,100
2019-09-11,CDLMARUBOZU,100
2019-09-11,CDLBELTHOLD,100
2019-09-11,CDLMORNINGSTAR,100
2019-09-11,CDLCLOSINGMARUBOZU,100
2019-09-11,CDLLONGLINE,100
2019-09-16,CDLSHORTLINE,-100
2019-09-17,CDLSHORTLINE,-100
2019-09-20,CDLBELTHOLD,100
2019-09-20,CDLCLOSINGMARUBOZU,100
2019-09-20,CDLLONGLINE,100
2019-09-20,CDLMARUBOZU,100
2019-09-20,CDLENGULFING,100
2019-09-24,CDLBELTHOLD,-100
2019-09-25,CDLSHORTLINE,100
2019-09-25,CDLDOJI,100
2019-09-26,CDLINVERTEDHAMMER,100
2019-09-27,CDLDOJI,100
2019-09-27,CDLHIGHWAVE,100
2019-09-27,CDLSPINNINGTOP,100
2019-09-27,CDLLONGLEGGEDDOJI,100
2019-10-01,CDLLONGLINE,-100
2019-10-01,CDLBELTHOLD,-100
2019-10-01,CDLSEPARATINGLINES,-100
2019-10-02,CDLHAMMER,100
2019-10-03,CDLSHORTLINE,-100
2019-10-08,CDLHIKKAKE,100
2019-10-09,CDLCLOSINGMARUBOZU,-100
2019-10-14,CDLCLOSINGMARUBOZU,-100
2019-10-15,CDLSPINNINGTOP,100
2019-10-15,CDLTHRUSTING,-100
2019-10-15,CDLSHORTLINE,100
2019-10-16,CDLDOJI,100
2019-10-16,CDLHANGINGMAN,-100
2019-10-16,CDLTAKURI,100
2019-10-16,CDLLONGLEGGEDDOJI,100
2019-10-16,CDLDRAGONFLYDOJI,100
2019-10-17,CDLSPINNINGTOP,100
2019-10-18,CDLBELTHOLD,100
2019-10-21,CDLLONGLINE,100
2019-10-21,CDLBELTHOLD,100
2019-10-21,CDLMARUBOZU,100
2019-10-21,CDLCLOSINGMARUBOZU,100
2019-10-22,CDLLONGLINE,100
2019-10-23,CDLBELTHOLD,-100
2019-10-23,CDLMARUBOZU,-100
2019-10-23,CDLCLOSINGMARUBOZU,-100
2019-10-23,CDLLONGLINE,-100
2019-10-24,CDLLONGLINE,-100
2019-10-24,CDLMARUBOZU,-100
2019-10-24,CDLHIKKAKE,100
2019-10-24,CDLCLOSINGMARUBOZU,-100
2019-10-24,CDLBELTHOLD,-100
2019-10-25,CDLLONGLINE,100
2019-10-25,CDLBELTHOLD,100
2019-10-28,CDLCLOSINGMARUBOZU,-100
2019-10-29,CDLSPINNINGTOP,-100
2019-10-31,CDLSHOOTINGSTAR,-100
2019-11-01,CDLBELTHOLD,100
2019-11-04,CDLSPINNINGTOP,-100
2019-11-05,CDLSPINNINGTOP,100
2019-11-05,CDLDOJI,100
2019-11-05,CDLRICKSHAWMAN,100
2019-11-05,CDLHIGHWAVE,100
2019-11-05,CDLLONGLEGGEDDOJI,100
2019-11-07,CDLBELTHOLD,-100
2019-11-07,CDLLONGLINE,-100
2019-11-11,CDLLONGLINE,-100
2019-11-11,CDLBELTHOLD,-100
2019-11-12,CDLSPINNINGTOP,-100
2019-11-13,CDLSHORTLINE,100
2019-11-14,CDLBELTHOLD,-100
2019-11-15,CDLLONGLEGGEDDOJI,100
2019-11-15,CDLGRAVESTONEDOJI,100
2019-11-15,CDLDOJI,100
2019-11-18,CDLHAMMER,100
2019-11-18,CDLENGULFING,-100
2019-11-18,CDLHIKKAKE,100
2019-11-19,CDLBELTHOLD,100
2019-11-19,CDLLONGLINE,100
2019-11-20,CDLHAMMER,100
2019-11-20,CDLHIKKAKE,100
2019-11-21,CDLHANGINGMAN,-100
2019-11-22,CDLTAKURI,100
2019-11-22,CDLSHORTLINE,100
2019-11-22,CDLDRAGONFLYDOJI,100
2019-11-22,CDLLONGLEGGEDDOJI,100
2019-11-22,CDLDOJI,100
2019-11-22,CDLHANGINGMAN,-100
2019-11-25,CDLBELTHOLD,-100
2019-11-25,CDLMARUBOZU,-100
2019-11-25,CDLCLOSINGMARUBOZU,-100
2019-11-25,CDLLONGLINE,-100
2019-11-25,CDLSEPARATINGLINES,-100
2019-11-26,CDLBELTHOLD,-100
2019-11-27,CDLSPINNINGTOP,100
2019-11-27,CDLDOJI,100
2019-11-27,CDLRICKSHAWMAN,100
2019-11-27,CDLLONGLEGGEDDOJI,100
2019-11-27,CDLHIGHWAVE,100
2019-11-28,CDLHIGHWAVE,-100
2019-11-28,CDLSPINNINGTOP,-100
2019-11-29,CDLSHORTLINE,-100
2019-11-29,CDLHAMMER,100
2019-12-02,CDLHAMMER,100
2019-12-02,CDLTAKURI,100
2019-12-02,CDLLONGLEGGEDDOJI,100
2019-12-02,CDLDRAGONFLYDOJI,100
2019-12-02,CDLDOJI,100
2019-12-03,CDLBELTHOLD,100
2019-12-03,CDLMARUBOZU,100
2019-12-03,CDLCLOSINGMARUBOZU,100
2019-12-03,CDLLONGLINE,100
2019-12-04,CDLCLOSINGMARUBOZU,100
2019-12-05,CDLLONGLINE,100
2019-12-05,CDLMARUBOZU,100
2019-12-05,CDLBELTHOLD,100
2019-12-05,CDLHIKKAKE,-100
2019-12-05,CDLCLOSINGMARUBOZU,100
2019-12-06,CDLDARKCLOUDCOVER,-100
2019-12-06,CDLCLOSINGMARUBOZU,-100
2019-12-09,CDLCLOSINGMARUBOZU,-100
2019-12-10,CDL3BLACKCROWS,-100
2019-12-10,CDLCLOSINGMARUBOZU,-100
2019-12-13,CDLSTICKSANDWICH,100
2019-12-13,CDLLONGLINE,-100
2019-12-13,CDLMARUBOZU,-100
2019-12-13,CDLBELTHOLD,-100
2019-12-13,CDLENGULFING,-100
2019-12-13,CDLCLOSINGMARUBOZU,-100
2019-12-16,CDLHARAMICROSS,100
2019-12-16,CDLLONGLEGGEDDOJI,100
2019-12-16,CDLHARAMI,100
2019-12-16,CDLGRAVESTONEDOJI,100
2019-12-16,CDLDOJI,100
2019-12-18,CDLSHORTLINE,100
2019-12-19,CDLTAKURI,100
2019-12-19,CDLDOJI,100
2019-12-19,CDLHANGINGMAN,-100
2019-12-19,CDLRICKSHAWMAN,100
2019-12-19,CDLSPINNINGTOP,100
2019-12-19,CDLSHORTLINE,100
2019-12-19,CDLLONGLEGGEDDOJI,100
2019-12-19,CDLHIGHWAVE,100
2019-12-19,CDLDRAGONFLYDOJI,100
2019-12-20,CDLENGULFING,-100
2019-12-20,CDLSHORTLINE,-100
2019-12-23,CDL3OUTSIDE,-100
2019-12-23,CDLBELTHOLD,-100
2019-12-23,CDLLONGLINE,-100
2019-12-24,CDLSHORTLINE,100
2019-12-24,CDLLONGLEGGEDDOJI,100
2019-12-24,CDLTAKURI,100
2019-12-24,CDLDRAGONFLYDOJI,100
2019-12-24,CDLDOJI,100
2019-12-24,CDLDOJISTAR,100
2019-12-24,CDLHAMMER,100
2019-12-25,CDLSHORTLINE,-100
2019-12-26,CDLSHORTLINE,100
2019-12-27,CDLSPINNINGTOP,100
2019-12-30,CDLLONGLINE,100
2019-12-31,CDLSHORTLINE,-100
2020-01-02,CDLBELTHOLD,100
2020-01-03,CDLBELTHOLD,-100
2020-01-07,CDLBELTHOLD,-100
2020-01-09,CDLBELTHOLD,-100
2020-01-09,CDLCLOSINGMARUBOZU,-100
2020-01-09,CDLMARUBOZU,-100
2020-01-09,CDLMATCHINGLOW,100
2020-01-09,CDLLONGLINE,-100
2020-01-10,CDLCLOSINGMARUBOZU,-100
2020-01-10,CDLBELTHOLD,-100
2020-01-10,CDLMARUBOZU,-100
2020-01-10,CDLLONGLINE,-100
2020-01-14,CDLBELTHOLD,100
2020-01-14,CDLLONGLINE,100
2020-01-15,CDLLONGLINE,100
2020-01-16,CDLLONGLINE,100
2020-01-16,CDLBELTHOLD,100
2020-01-16,CDLCLOSINGMARUBOZU,100
2020-01-16,CDLMARUBOZU,100
2020-01-17,CDLSPINNINGTOP,100
2020-01-17,CDLADVANCEBLOCK,-100
2020-01-17,CDLSTALLEDPATTERN,-100
2020-01-20,CDLSHORTLINE,-100
2020-01-30,CDLSPINNINGTOP,-100
2020-02-03,CDLHIGHWAVE,100
2020-02-03,CDLDOJI,100
2020-02-03,CDLSPINNINGTOP,100
2020-02-03,CDLLONGLEGGEDDOJI,100
2020-02-04,CDLLONGLINE,-100
2020-02-04,CDLMARUBOZU,-100
2020-02-04,CDLCLOSINGMARUBOZU,-100
2020-02-04,CDLBELTHOLD,-100
2020-02-05,CDLBELTHOLD,-100
2020-02-06,CDLHARAMI,100
2020-02-06,CDLSHORTLINE,-100
2020-02-06,CDLHOMINGPIGEON,100
2020-02-07,CDLHIKKAKE,100
2020-02-07,CDLSHORTLINE,-100
2020-02-10,CDLDOJI,100
2020-02-10,CDLLONGLEGGEDDOJI,100
2020-02-10,CDLSPINNINGTOP,-100
2020-02-10,CDLHIGHWAVE,-100
2020-02-10,CDLRICKSHAWMAN,100
2020-02-11,CDLSHORTLINE,100
2020-02-12,CDLHIKKAKE,200
2020-02-12,CDLBELTHOLD,100
2020-02-14,CDLLONGLINE,100
2020-02-14,CDLCLOSINGMARUBOZU,100
2020-02-17,CDLCLOSINGMARUBOZU,-100
2020-02-17,CDLMARUBOZU,-100
2020-02-17,CDLBELTHOLD,-100
2020-02-17,CDLLONGLINE,-100
2020-02-18,CDLSHORTLINE,100
2020-02-19,CDLLONGLINE,100
2020-02-19,CDLCLOSINGMARUBOZU,100
2020-02-19,CDLBELTHOLD,100
2020-02-19,CDLMARUBOZU,100
2020-02-20,CDLLONGLINE,-100
2020-02-20,CDLBELTHOLD,-100
2020-02-21,CDLTHRUSTING,-100
2020-02-21,CDLLONGLINE,100
2020-02-21,CDLCLOSINGMARUBOZU,100
2020-02-21,CDLBELTHOLD,100
2020-02-21,CDLMARUBOZU,100
2020-02-24,CDLBELTHOLD,-100
2020-02-24,CDLCLOSINGMARUBOZU,-100
2020-02-24,CDLLONGLINE,-100
2020-02-24,CDLMARUBOZU,-100
2020-02-25,CDLPIERCING,100
2020-02-25,CDLCLOSINGMARUBOZU,100
2020-02-26,CDLCLOSINGMARUBOZU,100
2020-02-26,CDLBELTHOLD,100
2020-02-26,CDLLONGLINE,100
2020-02-26,CDLMARUBOZU,100
2020-03-02,CDLINVERTEDHAMMER,100
2020-03-04,CDLBELTHOLD,-100
2020-03-04,CDLCLOSINGMARUBOZU,-100
2020-03-04,CDLMARUBOZU,-100
2020-03-04,CDLLONGLINE,-100
2020-03-05,CDLINVERTEDHAMMER,100
2020-03-06,CDLENGULFING,-100
2020-03-06,CDLCLOSINGMARUBOZU,-100
2020-03-06,CDLMARUBOZU,-100
2020-03-06,CDLBELTHOLD,-100
2020-03-06,CDLLONGLINE,-100
2020-03-09,CDLBELTHOLD,-100
2020-03-09,CDL3OUTSIDE,-100
2020-03-10,CDLTHRUSTING,-100
2020-03-11,CDLSHOOTINGSTAR,-100
2020-03-13,CDLHAMMER,100
2020-03-16,CDLBELTHOLD,-100
2020-03-17,CDLBELTHOLD,100
2020-03-18,CDLDOJI,100
2020-03-18,CDLRICKSHAWMAN,100
2020-03-18,CDLSPINNINGTOP,100
2020-03-18,CDLHIGHWAVE,100
2020-03-18,CDLLONGLEGGEDDOJI,100
2020-03-19,CDLBELTHOLD,-100
2020-03-20,CDLTAKURI,100
2020-03-20,CDLDRAGONFLYDOJI,100
2020-03-20,CDLHANGINGMAN,-100
2020-03-20,CDLDOJI,100
2020-03-20,CDLLONGLEGGEDDOJI,100
2020-03-23,CDLINVERTEDHAMMER,100
2020-03-24,CDLBELTHOLD,100
2020-03-26,CDLTAKURI,100
2020-03-26,CDLLONGLEGGEDDOJI,100
2020-03-26,CDLDRAGONFLYDOJI,100
2020-03-26,CDLDOJI,100
2020-03-27,CDLSHORTLINE,100
2020-03-30,CDLSHORTLINE,100
2020-03-31,CDLBELTHOLD,100
2020-04-01,CDLMARUBOZU,100
2020-04-01,CDLBELTHOLD,100
2020-04-01,CDLLONGLINE,100
2020-04-01,CDLCLOSINGMARUBOZU,100
2020-04-06,CDLDOJI,100
2020-04-06,CDLHIGHWAVE,100
2020-04-06,CDLRICKSHAWMAN,100
2020-04-06,CDLLONGLEGGEDDOJI,100
2020-04-06,CDLSPINNINGTOP,100
2020-04-07,CDLENGULFING,-100
2020-04-08,CDL3OUTSIDE,-100
2020-04-09,CDLDOJI,100
2020-04-09,CDLLONGLEGGEDDOJI,100
2020-04-09,CDLGRAVESTONEDOJI,100
2020-04-10,CDLSHORTLINE,100
2020-04-13,CDLTAKURI,100
2020-04-13,CDLLONGLEGGEDDOJI,100
2020-04-13,CDLHANGINGMAN,-100
2020-04-13,CDLDRAGONFLYDOJI,100
2020-04-13,CDLDOJI,100
2020-04-14,CDLSHORTLINE,100
2020-04-15,CDLBELTHOLD,100
2020-04-17,CDLCLOSINGMARUBOZU,100
2020-04-17,CDLBELTHOLD,100
2020-04-17,CDLLONGLINE,100
2020-04-17,CDLMARUBOZU,100
2020-04-21,CDLCLOSINGMARUBOZU,100
2020-04-21,CDLHIKKAKE,100
2020-04-22,CDLSHORTLINE,100
2020-04-23,CDLHANGINGMAN,-100
2020-04-23,CDLHAMMER,100
2020-04-23,CDLDOJI,100
2020-04-23,CDLTAKURI,100
2020-04-23,CDLLONGLEGGEDDOJI,100
2020-04-23,CDLDRAGONFLYDOJI,100
2020-04-27,CDLSHORTLINE,100
2020-04-28,CDLSHORTLINE,100
2020-04-29,CDLHANGINGMAN,-100
2020-04-29,CDLSHORTLINE,100
2020-04-29,CDLLONGLEGGEDDOJI,100
2020-04-29,CDLTAKURI,100
2020-04-29,CDLDRAGONFLYDOJI,100
2020-04-29,CDLDOJI,100
2020-04-30,CDLHANGINGMAN,-100
2020-05-04,CDLINVERTEDHAMMER,100
2020-05-05,CDLBELTHOLD,-100
2020-05-07,CDLSHORTLINE,100
2020-05-08,CDLHIGHWAVE,100
2020-05-08,CDLLONGLEGGEDDOJI,100
2020-05-08,CDLSPINNINGTOP,100
2020-05-08,CDLDOJI,100
2020-05-11,CDLSHORTLINE,100
2020-05-12,CDLCLOSINGMARUBOZU,100
2020-05-12,CDLMARUBOZU,100
2020-05-12,CDLBELTHOLD,100
2020-05-12,CDLLONGLINE,100
2020-05-14,CDLLONGLINE,-100
2020-05-15,CDLBELTHOLD,-100
2020-05-15,CDLLONGLINE,-100
2020-05-18,CDLHARAMI,100
2020-05-19,CDLSHORTLINE,-100
2020-05-19,CDLHIKKAKE,-100
2020-05-20,CDLHIKKAKE,-200
2020-05-21,CDLSHORTLINE,-100
2020-05-26,CDLHIKKAKE,-100
2020-05-27,CDLCLOSINGMARUBOZU,100
2020-05-27,CDLMARUBOZU,100
2020-05-27,CDLBELTHOLD,100
2020-05-27,CDLLONGLINE,100
2020-05-27,CDLENGULFING,100
2020-05-28,CDL3OUTSIDE,100
2020-05-29,CDLLONGLINE,-100
2020-05-29,CDLCLOSINGMARUBOZU,-100
2020-05-29,CDLBELTHOLD,-100
2020-05-29,CDLMARUBOZU,-100
2020-06-01,CDLSHORTLINE,100
2020-06-01,CDLDOJI,100
2020-06-02,CDLHANGINGMAN,-100
2020-06-03,CDLSHORTLINE,100
2020-06-04,CDLENGULFING,-100
2020-06-04,CDLBELTHOLD,-100
2020-06-05,CDLCLOSINGMARUBOZU,-100
2020-06-05,CDL3OUTSIDE,-100
2020-06-10,CDLBELTHOLD,-100
2020-06-11,CDLBELTHOLD,-100
2020-06-11,CDLCLOSINGMARUBOZU,-100
2020-06-11,CDLLONGLINE,-100
2020-06-11,CDLMARUBOZU,-100
2020-06-12,CDLLONGLEGGEDDOJI,100
2020-06-12,CDLDOJISTAR,100
2020-06-12,CDLDOJI,100
2020-06-12,CDLTAKURI,100
2020-06-12,CDLDRAGONFLYDOJI,100
2020-06-12,CDLHAMMER,100
2020-06-15,CDLHANGINGMAN,-100
2020-06-15,CDLSHORTLINE,100
2020-06-16,CDLSHORTLINE,-100
2020-06-17,CDLHAMMER,100
2020-06-18,CDLSHORTLINE,-100
2020-06-19,CDLBELTHOLD,-100
2020-06-19,CDLHIKKAKE,100
2020-06-22,CDLBELTHOLD,100
2020-06-22,CDLMARUBOZU,100
2020-06-22,CDLLONGLINE,100
2020-06-22,CDLCLOSINGMARUBOZU,100
2020-06-23,CDLSHORTLINE,-100
2020-06-23,CDLHARAMI,-100
2020-06-24,CDLHIKKAKEMOD,-100
2020-06-24,CDLSHORTLINE,100
2020-06-24,CDLHIKKAKE,-100
2020-06-29,CDLHANGINGMAN,-100
2020-06-30,CDLBELTHOLD,100
2020-07-01,CDLMARUBOZU,-100
2020-07-01,CDLCLOSINGMARUBOZU,-100
2020-07-01,CDLBELTHOLD,-100
2020-07-01,CDLLONGLINE,-100
2020-07-02,CDLBELTHOLD,100
2020-07-02,CDLONNECK,-100
2020-07-02,CDLINNECK,-100
2020-07-02,CDLCOUNTERATTACK,100
2020-07-03,CDLSHORTLINE,-100
2020-07-06,CDLHIKKAKE,-100
2020-07-06,CDLBELTHOLD,100
2020-07-07,CDLSHORTLINE,-100
2020-07-10,CDLBELTHOLD,100
2020-07-10,CDLCLOSINGMARUBOZU,100
2020-07-10,CDLMARUBOZU,100
2020-07-10,CDLLONGLINE,100
2020-07-13,CDLINVERTEDHAMMER,100
2020-07-14,CDLSHORTLINE,-100
2020-07-15,CDLLONGLINE,-100
2020-07-15,CDLBELTHOLD,-100
2020-07-16,CDLBELTHOLD,-100
2020-07-16,CDLLONGLINE,-100
2020-07-17,CDLSHORTLINE,-100
2020-07-20,CDLSHORTLINE,-100
2020-07-21,CDLBELTHOLD,-100
2020-07-22,CDLSHORTLINE,100
2020-07-22,CDLDOJI,100
2020-07-23,CDLHIKKAKE,-100
2020-07-23,CDLSHORTLINE,100
2020-07-24,CDLSHORTLINE,-100
2020-07-24,CDLHIKKAKE,-200
2020-07-27,CDLCLOSINGMARUBOZU,-100
2020-07-29,CDLBELTHOLD,100
2020-07-29,CDLLONGLINE,100
2020-07-29,CDLCLOSINGMARUBOZU,100
2020-07-29,CDLMARUBOZU,100
2020-07-31,CDLSHORTLINE,100
2020-07-31,CDLDOJI,100
2020-08-03,CDLSHORTLINE,100
2020-08-03,CDLHIKKAKE,100
2020-08-04,CDLSHORTLINE,-100
2020-08-05,CDLCLOSINGMARUBOZU,-100
2020-08-06,CDLBELTHOLD,-100
2020-08-07,CDLSHORTLINE,-100
2020-08-10,CDLLONGLEGGEDDOJI,100
2020-08-10,CDLSPINNINGTOP,100
2020-08-10,CDLHIGHWAVE,100
2020-08-10,CDLDOJI,100
2020-08-11,CDLSHOOTINGSTAR,-100
2020-08-12,CDLBELTHOLD,100
2020-08-12,CDLLONGLINE,100
2020-08-12,CDLMARUBOZU,100
2020-08-12,CDLCLOSINGMARUBOZU,100
2020-08-13,CDLHANGINGMAN,-100
2020-08-14,CDLBELTHOLD,-100
2020-08-14,CDLCLOSINGMARUBOZU,-100
2020-08-14,CDLMARUBOZU,-100
2020-08-14,CDLLONGLINE,-100
2020-08-17,CDLSHORTLINE,100
2020-08-18,CDLCLOSINGMARUBOZU,-100
2020-08-18,CDLBELTHOLD,-100
2020-08-18,CDLMARUBOZU,-100
2020-08-18,CDLLONGLINE,-100
2020-08-19,CDLHOMINGPIGEON,100
2020-08-19,CDLHARAMI,100
2020-08-20,CDLBELTHOLD,-100
2020-08-21,CDLBELTHOLD,100
2020-08-24,CDLHIKKAKE,100
2020-08-24,CDLDOJI,100
2020-08-24,CDLLONGLEGGEDDOJI,100
2020-08-24,CDLDRAGONFLYDOJI,100
2020-08-24,CDLDOJISTAR,-100
2020-08-24,CDLTAKURI,100
2020-08-25,CDLHIKKAKE,200
2020-08-27,CDLHANGINGMAN,-100
2020-08-27,CDLDOJI,100
2020-08-27,CDLDRAGONFLYDOJI,100
2020-08-27,CDLTAKURI,100
2020-08-27,CDLLONGLEGGEDDOJI,100
2020-08-28,CDLSHORTLINE,100
2020-08-31,CDLBELTHOLD,100
2020-08-31,CDLLONGLINE,100
2020-09-01,CDLBELTHOLD,100
2020-09-02,CDLDOJI,100
2020-09-02,CDLDOJISTAR,-100
2020-09-02,CDLSHORTLINE,100
2020-09-03,CDLDOJI,100
2020-09-03,CDLLONGLEGGEDDOJI,100
2020-09-03,CDLGRAVESTONEDOJI,100
2020-09-04,CDLSHORTLINE,100
2020-09-07,CDLHIGHWAVE,100
2020-09-07,CDLSPINNINGTOP,100
2020-09-07,CDLLONGLEGGEDDOJI,100
2020-09-07,CDLRICKSHAWMAN,100
2020-09-07,CDLDOJI,100
2020-09-07,CDLSHORTLINE,100
2020-09-08,CDLENGULFING,-100
2020-09-08,CDLCLOSINGMARUBOZU,-100
2020-09-08,CDLLONGLINE,-100
2020-09-08,CDLMARUBOZU,-100
2020-09-08,CDLBELTHOLD,-100
2020-09-09,CDL3OUTSIDE,-100
2020-09-09,CDLSHORTLINE,100
2020-09-10,CDLSHORTLINE,100
2020-09-10,CDLDOJI,100
2020-09-11,CDLHAMMER,100
2020-09-14,CDLBELTHOLD,-100
2020-09-14,CDLCLOSINGMARUBOZU,-100
2020-09-14,CDLMARUBOZU,-100
2020-09-14,CDLLONGLINE,-100
2020-09-15,CDLHIKKAKE,100
2020-09-15,CDLCLOSINGMARUBOZU,100
2020-09-15,CDLLONGLINE,100
2020-09-16,CDLLONGLINE,100
2020-09-16,CDLCLOSINGMARUBOZU,100
2020-09-17,CDLLONGLINE,100
2020-09-17,CDLBELTHOLD,100
2020-09-18,CDLSHORTLINE,-100
2020-09-21,CDLHIGHWAVE,100
2020-09-21,CDLSPINNINGTOP,100
2020-09-22,CDLSHORTLINE,100
2020-09-22,CDLDOJI,100
2020-09-23,CDLSHORTLINE,100
2020-09-24,CDLHIGHWAVE,100
2020-09-24,CDLSPINNINGTOP,100
2020-09-24,CDLDOJI,100
2020-09-24,CDLLONGLEGGEDDOJI,100
2020-09-25,CDLCLOSINGMARUBOZU,-100
2020-09-28,CDLLONGLINE,-100
2020-09-28,CDLCLOSINGMARUBOZU,-100
2020-09-28,CDLMATCHINGLOW,100
2020-09-29,CDLCLOSINGMARUBOZU,100
2020-09-29,CDLLONGLINE,100
2020-09-30,CDLHARAMI,-100
2020-10-05,CDLDOJI,100
2020-10-05,CDLSHORTLINE,100
2020-10-06,CDLBELTHOLD,-100
2020-10-07,CDLBELTHOLD,-100
2020-10-08,CDLBELTHOLD,-100
2020-10-12,CDLSHORTLINE,100
2020-10-12,CDLDOJI,100
2020-10-13,CDLHIKKAKE,100
2020-10-13,CDLSHORTLINE,-100
2020-10-16,CDLSHORTLINE,100
2020-10-19,CDLHIGHWAVE,100
2020-10-19,CDLLONGLEGGEDDOJI,100
2020-10-19,CDLSPINNINGTOP,100
2020-10-19,CDLDOJI,100
2020-10-20,CDLSHORTLINE,100
2020-10-21,CDLSHORTLINE,-100
2020-10-22,CDLSHORTLINE,100
2020-10-22,CDLDOJI,100
2020-10-23,CDLBELTHOLD,-100
2020-10-23,CDLLONGLINE,-100
2020-10-23,CDLCLOSINGMARUBOZU,-100
2020-10-23,CDLMARUBOZU,-100
2020-10-26,CDLLONGLINE,100
2020-10-26,CDLBELTHOLD,100
2020-10-26,CDLCLOSINGMARUBOZU,100
2020-10-26,CDLMARUBOZU,100
2020-10-27,CDLHARAMI,-100
2020-10-27,CDLHARAMICROSS,-100
2020-10-27,CDLDOJI,100
2020-10-27,CDLSHORTLINE,100
2020-10-28,CDLSEPARATINGLINES,-100
2020-10-28,CDLBELTHOLD,-100
2020-10-28,CDL3INSIDE,-100
2020-10-29,CDLDOJISTAR,100
2020-10-29,CDLDOJI,100
2020-10-29,CDLSHORTLINE,100
2020-10-30,CDLSHORTLINE,-100
2020-11-02,CDLSPINNINGTOP,100
2020-11-03,CDLLONGLINE,100
2020-11-03,CDLCLOSINGMARUBOZU,100
2020-11-03,CDLBELTHOLD,100
2020-11-03,CDLMARUBOZU,100
2020-11-04,CDLDOJI,100
2020-11-04,CDLSHORTLINE,100
2020-11-04,CDLDOJISTAR,-100
2020-11-05,CDLDRAGONFLYDOJI,100
2020-11-05,CDLHANGINGMAN,-100
2020-11-05,CDLLONGLEGGEDDOJI,100
2020-11-05,CDLGAPSIDESIDEWHITE,100
2020-11-05,CDLDOJI,100
2020-11-05,CDLTAKURI,100
2020-11-05,CDLHAMMER,100
2020-11-06,CDLBELTHOLD,-100
2020-11-09,CDLHOMINGPIGEON,100
2020-11-09,CDLHARAMI,100
2020-11-10,CDLHIKKAKE,100
2020-11-11,CDLLONGLEGGEDDOJI,100
2020-11-11,CDLDOJI,100
2020-11-11,CDLGRAVESTONEDOJI,100
2020-11-12,CDLBELTHOLD,-100
2020-11-12,CDLMARUBOZU,-100
2020-11-12,CDLSEPARATINGLINES,-100
2020-11-12,CDLLONGLINE,-100
2020-11-12,CDLCLOSINGMARUBOZU,-100
2020-11-13,CDLCLOSINGMARUBOZU,100
2020-11-18,CDLSHORTLINE,100
2020-11-19,CDLHIKKAKE,-100
2020-11-19,CDLBELTHOLD,100
2020-11-20,CDLCLOSINGMARUBOZU,-100
2020-11-20,CDLLONGLINE,-100
2020-11-20,CDLMARUBOZU,-100
2020-11-20,CDLBELTHOLD,-100
2020-11-24,CDLHARAMI,100
2020-11-24,CDLHOMINGPIGEON,100
2020-11-24,CDLSHORTLINE,-100
2020-11-25,CDLRICKSHAWMAN,100
2020-11-25,CDLDOJI,100
2020-11-25,CDLSPINNINGTOP,-100
2020-11-25,CDLHIGHWAVE,-100
2020-11-25,CDLLONGLEGGEDDOJI,100
2020-11-25,CDLHIKKAKE,-100
2020-11-26,CDLSHORTLINE,100
2020-12-01,CDLRICKSHAWMAN,100
2020-12-01,CDLSPINNINGTOP,100
2020-12-01,CDLLONGLEGGEDDOJI,100
2020-12-01,CDLDOJI,100
2020-12-01,CDLTAKURI,100
2020-12-01,CDLDRAGONFLYDOJI,100
2020-12-01,CDLHIGHWAVE,100
2020-12-01,CDLHAMMER,100
2020-12-01,CDLHIKKAKE,100
2020-12-02,CDLTAKURI,100
2020-12-02,CDLHANGINGMAN,-100
2020-12-02,CDLGAPSIDESIDEWHITE,-100
2020-12-02,CDLDRAGONFLYDOJI,100
2020-12-02,CDLDOJI,100
2020-12-02,CDLLONGLEGGEDDOJI,100
2020-12-03,CDLSHORTLINE,-100
2020-12-04,CDLBELTHOLD,-100
2020-12-08,CDLBELTHOLD,100
2020-12-08,CDLMARUBOZU,100
2020-12-08,CDLCLOSINGMARUBOZU,100
2020-12-08,CDLLONGLINE,100
2020-12-09,CDLDARKCLOUDCOVER,-100
2020-12-09,CDLLONGLINE,-100
2020-12-09,CDLBELTHOLD,-100
2020-12-10,CDLINVERTEDHAMMER,100
2020-12-11,CDLINVERTEDHAMMER,100
2020-12-14,CDLLONGLINE,100
2020-12-14,CDLCLOSINGMARUBOZU,100
2020-12-14,CDLMARUBOZU,100
2020-12-14,CDLBELTHOLD,100
2020-12-15,CDLHARAMI,-100
2020-12-16,CDL3INSIDE,-100
2020-12-16,CDLHIKKAKE,100
2020-12-18,CDLSHORTLINE,-100
2020-12-21,CDLBELTHOLD,-100
2020-12-23,CDLLONGLEGGEDDOJI,100
2020-12-23,CDLDOJI,100
2020-12-23,CDLGRAVESTONEDOJI,100
2020-12-25,CDLSEPARATINGLINES,-100
2020-12-25,CDLLONGLINE,-100
2020-12-25,CDLBELTHOLD,-100
2020-12-25,CDLMARUBOZU,-100
2020-12-25,CDLCLOSINGMARUBOZU,-100
2020-12-28,CDLMARUBOZU,100
2020-12-28,CDLLONGLINE,100
2020-12-28,CDLCLOSINGMARUBOZU,100
2020-12-28,CDLBELTHOLD,100
2020-12-29,CDLSHORTLINE,100
2020-12-30,CDLADVANCEBLOCK,-100
2020-12-31,CDLLONGLINE,-100
2020-12-31,CDLBELTHOLD,-100
2021-01-04,CDLBELTHOLD,100
2021-01-05,CDLCLOSINGMARUBOZU,100
2021-01-07,CDLHARAMI,100
2021-01-07,CDLHOMINGPIGEON,100
2021-01-08,CDLBELTHOLD,100
2021-01-11,CDLBELTHOLD,-100
2021-01-11,CDLENGULFING,-100
2021-01-12,CDLLONGLINE,-100
2021-01-12,CDLBELTHOLD,-100
2021-01-14,CDLBELTHOLD,100
2021-01-15,CDLMARUBOZU,-100
2021-01-15,CDLLONGLINE,-100
2021-01-15,CDLBELTHOLD,-100
2021-01-15,CDLCLOSINGMARUBOZU,-100
2021-01-18,CDLDOJISTAR,100
2021-01-18,CDLSHORTLINE,-100
2021-01-18,CDLDOJI,100
2021-01-19,CDLSHORTLINE,100
2021-01-20,CDLLONGLINE,-100
2021-01-20,CDLBELTHOLD,-100
2021-01-20,CDLSEPARATINGLINES,-100
2021-01-20,CDLCLOSINGMARUBOZU,-100
2021-01-20,CDLMARUBOZU,-100
2021-01-21,CDLDOJI,100
2021-01-21,CDLHARAMI,100
2021-01-21,CDLHARAMICROSS,100
2021-01-21,CDLSHORTLINE,100
2021-01-22,CDLSHORTLINE,100
2021-01-25,CDLHANGINGMAN,-100
2021-01-26,CDLDOJI,100
2021-01-26,CDLSHORTLINE,100
2021-01-28,CDLSHORTLINE,-100
2021-01-29,CDLBELTHOLD,-100
2021-01-29,CDLCLOSINGMARUBOZU,-100
2021-01-29,CDLMARUBOZU,-100
2021-01-29,CDLLONGLINE,-100
2021-02-01,CDLLONGLEGGEDDOJI,100
2021-02-01,CDLHARAMI,100
2021-02-01,CDLDOJI,100
2021-02-01,CDLGRAVESTONEDOJI,100
2021-02-01,CDLHARAMICROSS,100
2021-02-02,CDL3INSIDE,100
2021-02-02,CDLSHORTLINE,100
2021-02-02,CDLHIKKAKE,-100
2021-02-02,CDLDOJI,100
2021-02-03,CDLINVERTEDHAMMER,100
2021-02-04,CDLBELTHOLD,-100
2021-02-04,CDLLONGLINE,-100
2021-02-04,CDLMARUBOZU,-100
2021-02-04,CDLCLOSINGMARUBOZU,-100
2021-02-05,CDLLONGLINE,-100
2021-02-05,CDLCLOSINGMARUBOZU,-100
2021-02-05,CDLMARUBOZU,-100
2021-02-05,CDLBELTHOLD,-100
2021-02-17,CDLBELTHOLD,100
2021-02-18,CDLSHORTLINE,-100
2021-02-19,CDLHIKKAKE,100
2021-02-23,CDLHAMMER,100
2021-02-23,CDLDRAGONFLYDOJI,100
2021-02-23,CDLLONGLEGGEDDOJI,100
2021-02-23,CDLTAKURI,100
2021-02-23,CDLDOJI,100
2021-02-25,CDLSPINNINGTOP,100
2021-03-02,CDLCLOSINGMARUBOZU,-100
2021-03-03,CDLONNECK,-100
2021-03-03,CDLINNECK,-100
2021-03-04,CDLHIGHWAVE,100
2021-03-04,CDLLONGLEGGEDDOJI,100
2021-03-04,CDLDOJI,100
2021-03-04,CDLSPINNINGTOP,100
2021-03-08,CDLBELTHOLD,-100
2021-03-08,CDLMARUBOZU,-100
2021-03-08,CDLCLOSINGMARUBOZU,-100
2021-03-08,CDLENGULFING,-100
2021-03-08,CDLLONGLINE,-100
2021-03-09,CDLSPINNINGTOP,100
2021-03-10,CDLCLOSINGMARUBOZU,-100
2021-03-10,CDLLONGLINE,-100
2021-03-10,CDLMARUBOZU,-100
2021-03-10,CDLBELTHOLD,-100
2021-03-10,CDLENGULFING,-100
2021-03-11,CDLCLOSINGMARUBOZU,100
2021-03-12,CDLCLOSINGMARUBOZU,-100
2021-03-12,CDLLONGLINE,-100
2021-03-12,CDLMARUBOZU,-100
2021-03-12,CDLBELTHOLD,-100
2021-03-16,CDLLONGLEGGEDDOJI,100
2021-03-16,CDLSHOOTINGSTAR,-100
2021-03-16,CDLGRAVESTONEDOJI,100
2021-03-16,CDLDOJI,100
2021-03-19,CDLHIKKAKE,100
2021-03-19,CDLBELTHOLD,-100
2021-03-22,CDLHIKKAKE,200
2021-03-22,CDLSHORTLINE,100
2021-03-24,CDLINVERTEDHAMMER,100
2021-03-25,CDLBELTHOLD,100
2021-03-29,CDLHIKKAKE,-100
2021-03-29,CDLSPINNINGTOP,100
2021-03-30,CDLHAMMER,100
2021-03-30,CDLSHORTLINE,-100
2021-04-01,CDLENGULFING,100
2021-04-01,CDLCLOSINGMARUBOZU,100
2021-04-07,CDL3OUTSIDE,100
2021-04-08,CDLHARAMI,100
2021-04-08,CDLSPINNINGTOP,-100
2021-04-08,CDLHOMINGPIGEON,100
2021-04-09,CDLMARUBOZU,-100
2021-04-09,CDLLONGLINE,-100
2021-04-09,CDLCLOSINGMARUBOZU,-100
2021-04-09,CDLBELTHOLD,-100
2021-04-13,CDLSHOOTINGSTAR,-100
2021-04-14,CDLHIGHWAVE,100
2021-04-14,CDLSPINNINGTOP,100
2021-04-14,CDLDOJI,100
2021-04-14,CDLLONGLEGGEDDOJI,100
2021-04-15,CDLCLOSINGMARUBOZU,-100
2021-04-15,CDLENGULFING,-100
2021-04-16,CDLSHORTLINE,-100
2021-04-16,CDL3OUTSIDE,-100
2021-04-20,CDLCLOSINGMARUBOZU,-100
2021-04-20,CDLBELTHOLD,-100
2021-04-20,CDLLONGLINE,-100
2021-04-20,CDLMARUBOZU,-100
2021-04-21,CDLCLOSINGMARUBOZU,-100
2021-04-21,CDLBELTHOLD,-100
2021-04-21,CDLMARUBOZU,-100
2021-04-21,CDLLONGLINE,-100
2021-04-22,CDLLONGLINE,-100
2021-04-22,CDL3BLACKCROWS,-100
2021-04-22,CDLCLOSINGMARUBOZU,-100
2021-04-22,CDLIDENTICAL3CROWS,-100
2021-04-23,CDLONNECK,-100
2021-04-23,CDLHAMMER,100
2021-04-23,CDLINNECK,-100
2021-04-26,CDLMARUBOZU,100
2021-04-26,CDLBELTHOLD,100
2021-04-26,CDLLONGLINE,100
2021-04-26,CDLCLOSINGMARUBOZU,100
2021-04-28,CDLBELTHOLD,-100
2021-04-28,CDLUPSIDEGAP2CROWS,-100
2021-04-29,CDLSHORTLINE,-100
2021-05-05,CDLGRAVESTONEDOJI,100
2021-05-05,CDLLONGLEGGEDDOJI,100
2021-05-05,CDLDOJI,100
2021-05-06,CDLBELTHOLD,100
2021-05-10,CDLBELTHOLD,100
2021-05-10,CDLLONGLINE,100
2021-05-13,CDLCLOSINGMARUBOZU,100
2021-05-13,CDLMARUBOZU,100
2021-05-13,CDLBELTHOLD,100
2021-05-13,CDLLONGLINE,100
2021-05-13,CDLPIERCING,100
2021-05-14,CDLHARAMI,-100
2021-05-17,CDLDOJI,100
2021-05-17,CDLGRAVESTONEDOJI,100
2021-05-17,CDLLONGLEGGEDDOJI,100
2021-05-17,CDLINVERTEDHAMMER,100
2021-05-17,CDL3INSIDE,-100
2021-05-18,CDLLONGLINE,100
2021-05-18,CDLCLOSINGMARUBOZU,100
2021-05-18,CDLMARUBOZU,100
2021-05-18,CDLBELTHOLD,100
2021-05-19,CDLBELTHOLD,-100
2021-05-20,CDLINVERTEDHAMMER,100
2021-05-21,CDLSHORTLINE,-100
2021-05-24,CDLDOJI,100
2021-05-24,CDLDRAGONFLYDOJI,100
2021-05-24,CDLTAKURI,100
2021-05-24,CDLHAMMER,100
2021-05-24,CDLLONGLEGGEDDOJI,100
2021-05-25,CDLSHORTLINE,100
2021-05-26,CDLSPINNINGTOP,100
2021-05-26,CDLRICKSHAWMAN,100
2021-05-26,CDLHANGINGMAN,-100
2021-05-26,CDLTAKURI,100
2021-05-26,CDLHIGHWAVE,100
2021-05-26,CDLSHORTLINE,100
2021-05-26,CDLDOJI,100
2021-05-26,CDLLONGLEGGEDDOJI,100
2021-05-26,CDLDRAGONFLYDOJI,100
2021-05-27,CDLSHORTLINE,100
2021-05-28,CDLSHORTLINE,100
2021-05-31,CDLSHORTLINE,-100
2021-06-01,CDLSPINNINGTOP,100
2021-06-01,CDLRICKSHAWMAN,100
2021-06-01,CDLDOJI,100
2021-06-01,CDLHIGHWAVE,100
2021-06-01,CDLLONGLEGGEDDOJI,100
2021-06-03,CDLINVERTEDHAMMER,100
2021-06-07,CDLCLOSINGMARUBOZU,100
2021-06-08,CDLMARUBOZU,100
2021-06-08,CDLLONGLINE,100
2021-06-08,CDLCLOSINGMARUBOZU,100
2021-06-08,CDLBELTHOLD,100
2021-06-08,CDLHIKKAKE,100
2021-06-09,CDLBELTHOLD,-100
2021-06-09,CDLMARUBOZU,-100
2021-06-09,CDLLONGLINE,-100
2021-06-09,CDLCLOSINGMARUBOZU,-100
2021-06-11,CDLSHORTLINE,-100
2021-06-15,CDLINVERTEDHAMMER,100
2021-06-15,CDLSHORTLINE,100
2021-06-16,CDLSHORTLINE,100
2021-06-17,CDLLONGLINE,100
2021-06-17,CDLBELTHOLD,100
2021-06-17,CDLMARUBOZU,100
2021-06-17,CDLCLOSINGMARUBOZU,100
2021-06-18,CDLSHOOTINGSTAR,-100
2021-06-21,CDLBELTHOLD,-100
2021-06-21,CDLMARUBOZU,-100
2021-06-21,CDLCLOSINGMARUBOZU,-100
2021-06-21,CDLLONGLINE,-100
2021-06-23,CDLSHORTLINE,-100
2021-06-24,CDLMARUBOZU,100
2021-06-24,CDLSEPARATINGLINES,100
2021-06-24,CDLBELTHOLD,100
2021-06-24,CDLLONGLINE,100
2021-06-24,CDLCLOSINGMARUBOZU,100
2021-06-24,CDLHIKKAKE,-100
2021-06-25,CDLSHOOTINGSTAR,-100
2021-06-28,CDLEVENINGSTAR,-100
2021-06-28,CDLCLOSINGMARUBOZU,-100
2021-06-30,CDLBELTHOLD,100
2021-06-30,CDLCLOSINGMARUBOZU,100
2021-06-30,CDLMARUBOZU,100
2021-06-30,CDLLONGLINE,100
2021-07-01,CDLBELTHOLD,-100
2021-07-05,CDLCLOSINGMARUBOZU,-100
2021-07-05,CDLENGULFING,-100
2021-07-06,CDL3OUTSIDE,-100
2021-07-06,CDLLONGLEGGEDDOJI,100
2021-07-06,CDLDOJI,100
2021-07-06,CDLTAKURI,100
2021-07-06,CDLDRAGONFLYDOJI,100
2021-07-06,CDLDOJISTAR,100
2021-07-06,CDLHAMMER,100
2021-07-08,CDLBELTHOLD,-100
2021-07-12,CDLMORNINGSTAR,100
2021-07-12,CDLXSIDEGAP3METHODS,-100
2021-07-14,CDLDOJI,100
2021-07-14,CDLINVERTEDHAMMER,100
2021-07-14,CDLLONGLEGGEDDOJI,100
2021-07-14,CDLGRAVESTONEDOJI,100
2021-07-15,CDLHIKKAKEMOD,-100
2021-07-15,CDLHIKKAKE,-100
2021-07-15,CDLBELTHOLD,100
2021-07-16,CDLCLOSINGMARUBOZU,-100
2021-07-19,CDLLONGLINE,100
2021-07-19,CDLENGULFING,100
2021-07-19,CDLCLOSINGMARUBOZU,100
2021-07-19,CDLMARUBOZU,100
2021-07-19,CDLBELTHOLD,100
2021-07-22,CDLDOJI,100
2021-07-22,CDLSHORTLINE,100
2021-07-23,CDLBELTHOLD,-100
2021-07-23,CDLMARUBOZU,-100
2021-07-23,CDLCLOSINGMARUBOZU,-100
2021-07-23,CDLLONGLINE,-100
2021-07-23,CDLENGULFING,-100
2021-07-26,CDLBELTHOLD,100
2021-07-28,CDLSHORTLINE,-100
2021-07-29,CDLLONGLEGGEDDOJI,100
2021-07-29,CDLDOJI,100
2021-07-29,CDLHANGINGMAN,-100
2021-07-29,CDLDRAGONFLYDOJI,100
2021-07-29,CDLTAKURI,100
2021-07-30,CDLGRAVESTONEDOJI,100
2021-07-30,CDLLONGLEGGEDDOJI,100
2021-07-30,CDLDOJI,100
2021-08-03,CDLCLOSINGMARUBOZU,100
2021-08-03,CDLMARUBOZU,100
2021-08-03,CDLBELTHOLD,100
2021-08-03,CDLLONGLINE,100
2021-08-04,CDLBELTHOLD,-100
2021-08-05,CDLSHORTLINE,-100
2021-08-06,CDLSHORTLINE,-100
2021-08-06,CDLHIKKAKE,100
2021-08-09,CDLSHORTLINE,100
2021-08-09,CDLDOJI,100
2021-08-10,CDLBELTHOLD,-100
2021-08-10,CDLSEPARATINGLINES,-100
2021-08-10,CDLMARUBOZU,-100
2021-08-10,CDLLONGLINE,-100
2021-08-10,CDLCLOSINGMARUBOZU,-100
2021-08-12,CDLCLOSINGMARUBOZU,-100
2021-08-12,CDLBELTHOLD,-100
2021-08-12,CDLMARUBOZU,-100
2021-08-12,CDLLONGLINE,-100
2021-08-13,CDLLONGLINE,-100
2021-08-13,CDLCLOSINGMARUBOZU,-100
2021-08-13,CDLBELTHOLD,-100
2021-08-13,CDLMARUBOZU,-100
2021-08-16,CDLCLOSINGMARUBOZU,-100
2021-08-16,CDLMARUBOZU,-100
2021-08-16,CDLLONGLINE,-100
2021-08-16,CDL3BLACKCROWS,-100
2021-08-16,CDLBELTHOLD,-100
2021-08-17,CDLCLOSINGMARUBOZU,-100
2021-08-17,CDLMARUBOZU,-100
2021-08-17,CDLLONGLINE,-100
2021-08-17,CDLBELTHOLD,-100
2021-08-18,CDLSHORTLINE,100
2021-08-19,CDLCLOSINGMARUBOZU,-100
2021-08-19,CDLMARUBOZU,-100
2021-08-19,CDLLONGLINE,-100
2021-08-19,CDLBELTHOLD,-100
2021-08-20,CDLTAKURI,100
2021-08-20,CDLDRAGONFLYDOJI,100
2021-08-20,CDLDOJI,100
2021-08-20,CDLHAMMER,100
2021-08-20,CDLLONGLEGGEDDOJI,100
2021-08-20,CDLDOJISTAR,100
2021-08-23,CDLMORNINGDOJISTAR,100
2021-08-23,CDLCLOSINGMARUBOZU,100
2021-08-23,CDLMORNINGSTAR,100
2021-08-24,CDLSHORTLINE,-100
2021-08-25,CDLSHORTLINE,-100
2021-08-26,CDLSHORTLINE,-100
2021-08-27,CDLHAMMER,100
2021-08-31,CDLCLOSINGMARUBOZU,-100
2021-09-01,CDLSHORTLINE,100
2021-09-02,CDLTAKURI,100
2021-09-02,CDLHANGINGMAN,-100
2021-09-02,CDLDOJI,100
2021-09-02,CDLLONGLEGGEDDOJI,100
2021-09-02,CDLDRAGONFLYDOJI,100
2021-09-03,CDLHAMMER,100
2021-09-06,CDLBELTHOLD,-100
2021-09-06,CDLLONGLINE,-100
2021-09-06,CDLMARUBOZU,-100
2021-09-06,CDLCLOSINGMARUBOZU,-100
2021-09-07,CDLSHORTLINE,-100
2021-09-08,CDLSHORTLINE,100
2021-09-09,CDLSHORTLINE,-100
2021-09-10,CDLCLOSINGMARUBOZU,100
2021-09-13,CDLCLOSINGMARUBOZU,-100
2021-09-13,CDLBELTHOLD,-100
2021-09-13,CDLMARUBOZU,-100
2021-09-13,CDLLONGLINE,-100
2021-09-14,CDLSHORTLINE,-100
2021-09-15,CDLDOJI,100
2021-09-15,CDLGRAVESTONEDOJI,100
2021-09-15,CDLLONGLEGGEDDOJI,100
2021-09-16,CDLCLOSINGMARUBOZU,100
2021-09-17,CDLCLOSINGMARUBOZU,100
2021-09-22,CDLHAMMER,100
2021-09-22,CDLTAKURI,100
2021-09-22,CDLDRAGONFLYDOJI,100
2021-09-22,CDLDOJI,100
2021-09-22,CDLLONGLEGGEDDOJI,100
2021-09-23,CDLTAKURI,100
2021-09-23,CDLGAPSIDESIDEWHITE,-100
2021-09-23,CDLDRAGONFLYDOJI,100
2021-09-23,CDLLONGLEGGEDDOJI,100
2021-09-23,CDLHANGINGMAN,-100
2021-09-23,CDLDOJI,100
2021-09-24,CDLSHORTLINE,100
2021-09-28,CDLDRAGONFLYDOJI,100
2021-09-28,CDLTAKURI,100
2021-09-28,CDLLONGLEGGEDDOJI,100
2021-09-28,CDLDOJI,100
2021-09-30,CDLBELTHOLD,-100
2021-09-30,CDLLONGLINE,-100
2021-09-30,CDLCLOSINGMARUBOZU,-100
2021-09-30,CDLMARUBOZU,-100
2021-10-01,CDLBELTHOLD,-100
2021-10-01,CDLHIKKAKE,100
2021-10-04,CDLHARAMI,100
2021-10-06,CDLLONGLINE,-100
2021-10-07,CDLHIGHWAVE,100
2021-10-07,CDLSPINNINGTOP,100
2021-10-07,CDLHARAMI,100
2021-10-07,CDLRICKSHAWMAN,100
2021-10-07,CDLDOJI,100
2021-10-07,CDLHARAMICROSS,100
2021-10-07,CDLLONGLEGGEDDOJI,100
2021-10-08,CDLLONGLEGGEDDOJI,100
2021-10-08,CDLDOJI,100
2021-10-08,CDLSPINNINGTOP,100
2021-10-08,CDLRICKSHAWMAN,100
2021-10-08,CDLHIGHWAVE,100
2021-10-12,CDLMARUBOZU,100
2021-10-12,CDLLONGLINE,100
2021-10-12,CDLBELTHOLD,100
2021-10-12,CDLCLOSINGMARUBOZU,100
2021-10-13,CDLSHORTLINE,-100
2021-10-14,CDLRICKSHAWMAN,100
2021-10-14,CDLSHORTLINE,100
2021-10-14,CDLLONGLEGGEDDOJI,100
2021-10-14,CDLSPINNINGTOP,100
2021-10-14,CDLHIGHWAVE,100
2021-10-14,CDLDOJI,100
2021-10-15,CDLSHORTLINE,100
2021-10-15,CDLDOJI,100
2021-10-18,CDLHANGINGMAN,-100
2021-10-18,CDLDOJI,100
2021-10-18,CDLTAKURI,100
2021-10-18,CDLSHORTLINE,100
2021-10-18,CDLLONGLEGGEDDOJI,100
2021-10-19,CDLSHORTLINE,100
2021-10-19,CDLDOJI,100
2021-10-19,CDLHIKKAKE,-100
2021-10-20,CDLSHORTLINE,100
2021-10-21,CDLSHORTLINE,-100
2021-10-22,CDLHIGHWAVE,100
2021-10-22,CDLDOJI,100
2021-10-22,CDLLONGLEGGEDDOJI,100
2021-10-22,CDLSPINNINGTOP,100
2021-10-25,CDLSHORTLINE,100
2021-10-26,CDLLONGLEGGEDDOJI,100
2021-10-26,CDLGRAVESTONEDOJI,100
2021-10-26,CDLDOJI,100
2021-10-27,CDLLONGLEGGEDDOJI,100
2021-10-27,CDLDRAGONFLYDOJI,100
2021-10-27,CDLHAMMER,100
2021-10-27,CDLDOJI,100
2021-10-27,CDLTAKURI,100
2021-10-28,CDLDOJI,100
2021-10-28,CDLGRAVESTONEDOJI,100
2021-10-28,CDLLONGLEGGEDDOJI,100
2021-10-29,CDLCLOSINGMARUBOZU,-100
2021-10-29,CDLSEPARATINGLINES,-100
2021-10-29,CDLLONGLINE,-100
2021-10-29,CDLMARUBOZU,-100
2021-10-29,CDLBELTHOLD,-100
2021-11-01,CDLCLOSINGMARUBOZU,100
2021-11-02,CDLCLOSINGMARUBOZU,100
2021-11-02,CDLBELTHOLD,100
2021-11-02,CDLLONGLINE,100
2021-11-02,CDLMARUBOZU,100
2021-11-03,CDLDOJI,100
2021-11-03,CDLGRAVESTONEDOJI,100
2021-11-03,CDLLONGLEGGEDDOJI,100
2021-11-04,CDLCLOSINGMARUBOZU,100
2021-11-09,CDLGRAVESTONEDOJI,100
2021-11-09,CDLDOJI,100
2021-11-09,CDLLONGLEGGEDDOJI,100
2021-11-10,CDLSHORTLINE,-100
2021-11-10,CDLHIKKAKE,-100
2021-11-12,CDLCLOSINGMARUBOZU,100
2021-11-15,CDLRICKSHAWMAN,100
2021-11-15,CDLHIGHWAVE,100
2021-11-15,CDLLONGLEGGEDDOJI,100
2021-11-15,CDLDOJI,100
2021-11-15,CDLSPINNINGTOP,100
2021-11-16,CDLLONGLEGGEDDOJI,100
2021-11-16,CDLDOJI,100
2021-11-16,CDLGRAVESTONEDOJI,100
2021-11-17,CDLENGULFING,-100
2021-11-17,CDLCLOSINGMARUBOZU,-100
2021-11-17,CDLMARUBOZU,-100
2021-11-17,CDLLONGLINE,-100
2021-11-17,CDLBELTHOLD,-100
2021-11-18,CDLSHORTLINE,-100
2021-11-18,CDL3OUTSIDE,-100
2021-11-19,CDLBELTHOLD,-100
2021-11-22,CDLLONGLEGGEDDOJI,100
2021-11-22,CDLDOJI,100
2021-11-22,CDLGRAVESTONEDOJI,100
2021-11-24,CDLSHORTLINE,100
2021-11-25,CDLSHOOTINGSTAR,-100
2021-11-25,CDLHIKKAKE,-100
2021-11-25,CDLLONGLEGGEDDOJI,100
2021-11-25,CDLGRAVESTONEDOJI,100
2021-11-25,CDLDOJI,100
2021-11-26,CDLLONGLINE,-100
2021-11-26,CDLMARUBOZU,-100
2021-11-26,CDLHIKKAKE,-200
2021-11-26,CDLCLOSINGMARUBOZU,-100
2021-11-26,CDLBELTHOLD,-100
2021-11-29,CDLTHRUSTING,-100
2021-11-29,CDLBELTHOLD,100
2021-12-02,CDLCLOSINGMARUBOZU,-100
2021-12-06,CDLSHORTLINE,-100
2021-12-07,CDLSHOOTINGSTAR,-100
2021-12-08,CDLSPINNINGTOP,100
2021-12-08,CDLLONGLEGGEDDOJI,100
2021-12-08,CDLHIGHWAVE,100
2021-12-08,CDLDOJI,100
2021-12-09,CDLBELTHOLD,-100
2021-12-09,CDLLONGLINE,-100
2021-12-09,CDLMARUBOZU,-100
2021-12-09,CDLCLOSINGMARUBOZU,-100
2021-12-10,CDLTHRUSTING,-100
2021-12-10,CDLCLOSINGMARUBOZU,100
2021-12-13,CDLSHORTLINE,-100
2021-12-14,CDLSPINNINGTOP,-100
2021-12-14,CDLHIGHWAVE,-100
2021-12-15,CDLSHORTLINE,100
2021-12-16,CDLHIKKAKE,-100
2021-12-16,CDLBELTHOLD,100
2021-12-16,CDLLONGLINE,100
2021-12-20,CDLENGULFING,-100
2021-12-20,CDLBELTHOLD,-100
2021-12-21,CDLLONGLINE,-100
2021-12-21,CDLMARUBOZU,-100
2021-12-21,CDL3OUTSIDE,-100
2021-12-21,CDLCLOSINGMARUBOZU,-100
2021-12-21,CDLBELTHOLD,-100
2021-12-22,CDLSHORTLINE,100
2021-12-22,CDLDOJI,100
2021-12-23,CDLCLOSINGMARUBOZU,100
2021-12-23,CDLLONGLINE,100
2021-12-23,CDLMARUBOZU,100
2021-12-23,CDLBELTHOLD,100
2021-12-27,CDLSHORTLINE,100
2021-12-28,CDLLONGLINE,100
2021-12-28,CDLMARUBOZU,100
2021-12-28,CDLBELTHOLD,100
2021-12-28,CDLCLOSINGMARUBOZU,100
2021-12-28,CDLHIKKAKE,-100
2021-12-29,CDLBELTHOLD,-100
2021-12-30,CDLSHORTLINE,100
2021-12-30,CDLHARAMI,100
2022-01-03,CDLSHORTLINE,100
2022-01-03,CDLHIKKAKE,100
2022-01-05,CDLLONGLINE,-100
2022-01-05,CDLBELTHOLD,-100
2022-01-05,CDLMARUBOZU,-100
2022-01-05,CDLCLOSINGMARUBOZU,-100
2022-01-06,CDLCLOSINGMARUBOZU,-100
2022-01-10,CDLSHOOTINGSTAR,-100
2022-01-10,CDLLONGLEGGEDDOJI,100
2022-01-10,CDLDOJI,100
2022-01-10,CDLGRAVESTONEDOJI,100
2022-01-14,CDLCLOSINGMARUBOZU,100
2022-01-17,CDLDOJI,100
2022-01-17,CDLSHORTLINE,100
2022-01-18,CDLGAPSIDESIDEWHITE,-100
2022-01-18,CDLHIGHWAVE,100
2022-01-18,CDLSPINNINGTOP,100
2022-01-18,CDLDOJI,100
2022-01-18,CDLLONGLEGGEDDOJI,100
2022-01-19,CDLSHORTLINE,-100
2022-01-20,CDLSHORTLINE,100
2022-01-21,CDLSHORTLINE,-100
2022-01-24,CDLBELTHOLD,100
2022-01-24,CDLMARUBOZU,100
2022-01-24,CDLCLOSINGMARUBOZU,100
2022-01-24,CDLLONGLINE,100
2022-01-25,CDLHARAMI,-100
2022-01-25,CDLSHORTLINE,100
2022-01-26,CDLLONGLINE,100
2022-01-26,CDLMARUBOZU,100
2022-01-26,CDLBELTHOLD,100
2022-01-26,CDLCLOSINGMARUBOZU,100
2022-02-08,CDLMARUBOZU,100
2022-02-08,CDLLONGLINE,100
2022-02-08,CDLSEPARATINGLINES,100
2022-02-08,CDLBELTHOLD,100
2022-02-08,CDLCLOSINGMARUBOZU,100
2022-02-10,CDLSHORTLINE,-100
2022-02-11,CDLDOJI,100
2022-02-11,CDLDRAGONFLYDOJI,100
2022-02-11,CDLTAKURI,100
2022-02-11,CDLLONGLEGGEDDOJI,100
2022-02-11,CDLHANGINGMAN,-100
2022-02-14,CDLHANGINGMAN,-100
2022-02-15,CDLDOJI,100
2022-02-15,CDLSPINNINGTOP,100
2022-02-15,CDLLONGLEGGEDDOJI,100
2022-02-15,CDLRICKSHAWMAN,100
2022-02-15,CDLHIGHWAVE,100
2022-02-17,CDLSHORTLINE,-100
2022-02-21,CDLBELTHOLD,-100
2022-02-22,CDLBELTHOLD,-100
2022-02-22,CDLCLOSINGMARUBOZU,-100
2022-02-22,CDLLONGLINE,-100
2022-02-22,CDLMARUBOZU,-100
2022-02-23,CDLLONGLINE,100
2022-02-23,CDLMARUBOZU,100
2022-02-23,CDLCLOSINGMARUBOZU,100
2022-02-23,CDLBELTHOLD,100
2022-02-24,CDLCLOSINGMARUBOZU,-100
2022-02-24,CDLLONGLINE,-100
2022-02-24,CDLSEPARATINGLINES,-100
2022-02-24,CDLBELTHOLD,-100
2022-02-24,CDLMARUBOZU,-100
2022-02-25,CDLDRAGONFLYDOJI,100
2022-02-25,CDLHARAMI,100
2022-02-25,CDLHARAMICROSS,100
2022-02-25,CDLDOJI,100
2022-02-25,CDLLONGLEGGEDDOJI,100
2022-02-25,CDLTAKURI,100
2022-03-01,CDLHIKKAKE,-100
2022-03-01,CDL3INSIDE,100
2022-03-02,CDLBELTHOLD,100
2022-03-02,CDLCLOSINGMARUBOZU,100
2022-03-02,CDLMARUBOZU,100
2022-03-02,CDLLONGLINE,100
2022-03-03,CDLDOJI,100
2022-03-03,CDLDOJISTAR,-100
2022-03-03,CDLGRAVESTONEDOJI,100
2022-03-03,CDLLONGLEGGEDDOJI,100
2022-03-03,CDLSHOOTINGSTAR,-100
2022-03-04,CDLBELTHOLD,-100
2022-03-07,CDLBELTHOLD,-100
2022-03-07,CDLCLOSINGMARUBOZU,-100
2022-03-07,CDLLONGLINE,-100
2022-03-07,CDLMARUBOZU,-100
2022-03-08,CDLINNECK,-100
2022-03-08,CDLONNECK,-100
2022-03-10,CDLHIKKAKE,-100
2022-03-10,CDLHANGINGMAN,-100
2022-03-11,CDLDOJI,100
2022-03-11,CDLSHORTLINE,100
2022-03-14,CDLSHORTLINE,-100
2022-03-15,CDLBELTHOLD,-100
2022-03-15,CDLLONGLINE,-100
2022-03-15,CDLHIKKAKE,-200
2022-03-16,CDLHARAMI,100
2022-03-16,CDLSHORTLINE,100
2022-03-17,CDLHIKKAKE,-100
2022-03-17,CDLLONGLINE,100
2022-03-17,CDL3INSIDE,100
2022-03-17,CDLCLOSINGMARUBOZU,100
2022-03-18,CDLSHORTLINE,-100
2022-03-21,CDLSHORTLINE,-100
2022-03-22,CDLSHORTLINE,100
2022-03-23,CDLDRAGONFLYDOJI,100
2022-03-23,CDLDOJI,100
2022-03-23,CDLTAKURI,100
2022-03-23,CDLLONGLEGGEDDOJI,100
2022-03-23,CDLHANGINGMAN,-100
2022-03-24,CDLSHORTLINE,100
2022-03-25,CDLBELTHOLD,-100
2022-03-28,CDLHIGHWAVE,100
2022-03-28,CDLLONGLEGGEDDOJI,100
2022-03-28,CDLSPINNINGTOP,100
2022-03-28,CDLDOJI,100
2022-03-29,CDLSHORTLINE,100
2022-03-29,CDLDOJI,100
2022-03-30,CDLBELTHOLD,100
2022-03-30,CDLMARUBOZU,100
2022-03-30,CDLLONGLINE,100
2022-03-30,CDLCLOSINGMARUBOZU,100
2022-04-01,CDLCLOSINGMARUBOZU,-100
2022-04-06,CDLSHORTLINE,100
2022-04-06,CDLDOJISTAR,100
2022-04-06,CDLDOJI,100
2022-04-07,CDLSEPARATINGLINES,-100
2022-04-07,CDLBELTHOLD,-100
2022-04-08,CDLSHORTLINE,100
2022-04-11,CDLHIKKAKE,100
2022-04-11,CDLCLOSINGMARUBOZU,-100
2022-04-12,CDLBELTHOLD,-100
2022-04-12,CDLCLOSINGMARUBOZU,-100
2022-04-12,CDLLONGLINE,-100
2022-04-12,CDLMARUBOZU,-100
2022-04-13,CDLHIKKAKE,200
2022-04-13,CDLBELTHOLD,100
2022-04-13,CDLLONGLINE,100
2022-04-13,CDLMARUBOZU,100
2022-04-13,CDLCLOSINGMARUBOZU,100
2022-04-15,CDLCLOSINGMARUBOZU,100
2022-04-18,CDLHARAMI,-100
2022-04-20,CDLTAKURI,100
2022-04-20,CDLLONGLEGGEDDOJI,100
2022-04-20,CDLDOJI,100
2022-04-20,CDLDRAGONFLYDOJI,100
2022-04-21,CDLSHORTLINE,100
2022-04-22,CDLDOJI,100
2022-04-22,CDLSHORTLINE,100
2022-04-27,CDLSHORTLINE,-100
2022-04-27,CDLINVERTEDHAMMER,100
2022-04-29,CDLCLOSINGMARUBOZU,-100
2022-04-29,CDLBELTHOLD,-100
2022-04-29,CDLMARUBOZU,-100
2022-04-29,CDLLONGLINE,-100
2022-05-03,CDLSHORTLINE,-100
2022-05-04,CDLDOJI,100
2022-05-04,CDLSHORTLINE,100
2022-05-05,CDLSHORTLINE,100
2022-05-06,CDLHAMMER,100
2022-05-09,CDLBELTHOLD,-100
2022-05-10,CDLSHORTLINE,100
2022-05-10,CDLDOJI,100
2022-05-10,CDLHARAMICROSS,100
2022-05-10,CDLHARAMI,100
2022-05-11,CDLHIKKAKE,100
2022-05-11,CDLSHORTLINE,-100
2022-05-12,CDLBELTHOLD,-100
2022-05-12,CDLCLOSINGMARUBOZU,-100
2022-05-12,CDLMARUBOZU,-100
2022-05-12,CDLLONGLINE,-100
2022-05-16,CDLDOJI,100
2022-05-16,CDLSHORTLINE,100
2022-05-17,CDLGAPSIDESIDEWHITE,100
2022-05-17,CDLSHORTLINE,100
2022-05-17,CDLDOJI,100
2022-05-18,CDLBELTHOLD,100
2022-05-18,CDLMARUBOZU,100
2022-05-18,CDLCLOSINGMARUBOZU,100
2022-05-18,CDLLONGLINE,100
2022-05-19,CDLSHORTLINE,100
2022-05-20,CDLHANGINGMAN,-100
2022-05-20,CDLDOJI,100
2022-05-20,CDLDRAGONFLYDOJI,100
2022-05-20,CDLTAKURI,100
2022-05-20,CDLLONGLEGGEDDOJI,100
2022-05-23,CDLGAPSIDESIDEWHITE,100
2022-05-23,CDLDOJI,100
2022-05-23,CDLSHORTLINE,100
2022-05-24,CDLMARUBOZU,100
2022-05-24,CDLLONGLINE,100
2022-05-24,CDLCLOSINGMARUBOZU,100
2022-05-24,CDLBELTHOLD,100
2022-05-25,CDLMARUBOZU,-100
2022-05-25,CDLLONGLINE,-100
2022-05-25,CDLCLOSINGMARUBOZU,-100
2022-05-25,CDLBELTHOLD,-100
2022-05-26,CDLBELTHOLD,-100
2022-05-26,CDLLONGLINE,-100
2022-05-26,CDLMARUBOZU,-100
2022-05-26,CDLCLOSINGMARUBOZU,-100
2022-05-27,CDLTAKURI,100
2022-05-27,CDLDRAGONFLYDOJI,100
2022-05-27,CDLLONGLEGGEDDOJI,100
2022-05-27,CDLDOJI,100
2022-05-27,CDLHANGINGMAN,-100
2022-05-30,CDLDOJI,100
2022-05-30,CDLSHORTLINE,100
2022-05-31,CDLSHORTLINE,100
2022-06-01,CDLLONGLINE,-100
2022-06-01,CDLENGULFING,-100
2022-06-01,CDLCLOSINGMARUBOZU,-100
2022-06-01,CDLBELTHOLD,-100
2022-06-01,CDLMARUBOZU,-100
2022-06-02,CDL3OUTSIDE,-100
2022-06-02,CDLSHORTLINE,100
2022-06-06,CDLCLOSINGMARUBOZU,100
2022-06-06,CDLLONGLINE,100
2022-06-06,CDLBELTHOLD,100
2022-06-06,CDLMARUBOZU,100
2022-06-09,CDLSHORTLINE,100
2022-06-09,CDLDOJI,100
2022-06-10,CDLBELTHOLD,100
2022-06-13,CDLBELTHOLD,-100
2022-06-14,CDLSHORTLINE,100
2022-06-15,CDLLONGLINE,100
2022-06-15,CDLMARUBOZU,100
2022-06-15,CDLBELTHOLD,100
2022-06-15,CDLCLOSINGMARUBOZU,100
2022-06-16,CDLHARAMI,-100
2022-06-16,CDLSHORTLINE,-100
2022-06-17,CDLBELTHOLD,-100
2022-06-20,CDLCLOSINGMARUBOZU,100
2022-06-22,CDLHIKKAKE,100
2022-06-22,CDLSHORTLINE,-100
2022-06-24,CDLSHORTLINE,100
2022-06-24,CDLHARAMICROSS,100
2022-06-24,CDLDOJI,100
2022-06-24,CDLHARAMI,100
2022-06-27,CDLSHORTLINE,-100
2022-06-28,CDLSHORTLINE,100
2022-06-29,CDLSHORTLINE,-100
2022-06-30,CDLSHORTLINE,-100
2022-07-04,CDLLONGLINE,100
2022-07-04,CDLBELTHOLD,100
2022-07-04,CDLENGULFING,100
2022-07-04,CDLCLOSINGMARUBOZU,100
2022-07-04,CDL3LINESTRIKE,-100
2022-07-04,CDLMARUBOZU,100
2022-07-05,CDLCLOSINGMARUBOZU,-100
2022-07-07,CDLDOJI,100
2022-07-07,CDLSHORTLINE,100
2022-07-08,CDLDOJI,100
2022-07-08,CDLSHORTLINE,100
2022-07-11,CDLDOJI,100
2022-07-11,CDLSHORTLINE,100
2022-07-12,CDLDOJI,100
2022-07-12,CDLGAPSIDESIDEWHITE,100
2022-07-12,CDLSHORTLINE,100
2022-07-13,CDLSHORTLINE,100
2022-07-13,CDLDOJI,100
2022-07-14,CDLDOJI,100
2022-07-14,CDLTRISTAR,100
2022-07-14,CDLSHORTLINE,100
2022-07-18,CDLBELTHOLD,100
2022-07-19,CDLBELTHOLD,100
2022-07-19,CDLLONGLINE,100
2022-07-19,CDLMARUBOZU,100
2022-07-19,CDLCLOSINGMARUBOZU,100
2022-07-20,CDLSHORTLINE,-100
2022-07-20,CDLHIKKAKE,100
2022-07-22,CDLSHORTLINE,100
2022-07-22,CDLDOJI,100
2022-07-25,CDLSHORTLINE,100
2022-07-25,CDLDOJI,100
2022-07-26,CDLCLOSINGMARUBOZU,100
2022-07-27,CDLSHORTLINE,100
2022-07-27,CDLDOJI,100
2022-07-27,CDLHARAMI,-100
2022-07-27,CDLHARAMICROSS,-100
2022-07-28,CDLCLOSINGMARUBOZU,-100
2022-07-28,CDLLONGLINE,-100
2022-07-28,CDLBELTHOLD,-100
2022-07-28,CDLMARUBOZU,-100
2022-07-28,CDLHIKKAKE,100
2022-07-29,CDLCLOSINGMARUBOZU,-100
2022-07-29,CDLBELTHOLD,-100
2022-07-29,CDLMARUBOZU,-100
2022-07-29,CDLLONGLINE,-100
2022-08-01,CDLDOJI,100
2022-08-01,CDLGRAVESTONEDOJI,100
2022-08-01,CDLLONGLEGGEDDOJI,100
2022-08-03,CDLMARUBOZU,-100
2022-08-03,CDLCLOSINGMARUBOZU,-100
2022-08-03,CDLLONGLINE,-100
2022-08-03,CDLBELTHOLD,-100
2022-08-04,CDLSHORTLINE,-100
2022-08-04,CDLMATCHINGLOW,100
2022-08-05,CDLBELTHOLD,100
2022-08-05,CDLMARUBOZU,100
2022-08-05,CDLLONGLINE,100
2022-08-05,CDLCLOSINGMARUBOZU,100
2022-08-08,CDLHAMMER,100
2022-08-09,CDLHAMMER,100
2022-08-10,CDLSHORTLINE,-100
2022-08-11,CDLSHORTLINE,100
2022-08-11,CDLHIKKAKE,-100
2022-08-11,CDLDOJI,100
2022-08-12,CDLSHORTLINE,-100
2022-08-15,CDLLONGLEGGEDDOJI,100
2022-08-15,CDLDOJI,100
2022-08-15,CDLDRAGONFLYDOJI,100
2022-08-15,CDLTAKURI,100
2022-08-15,CDLHANGINGMAN,-100
2022-08-16,CDLDOJI,100
2022-08-16,CDLSHORTLINE,100
2022-08-18,CDLCLOSINGMARUBOZU,100
2022-08-19,CDLCLOSINGMARUBOZU,100
2022-08-22,CDLCLOSINGMARUBOZU,100
2022-08-22,CDL3WHITESOLDIERS,100
2022-08-24,CDLSHORTLINE,100
2022-08-25,CDLLONGLINE,100
2022-08-25,CDLCLOSINGMARUBOZU,100
2022-08-25,CDLBELTHOLD,100
2022-08-25,CDLMARUBOZU,100
2022-08-26,CDLSHORTLINE,-100
2022-08-29,CDLBELTHOLD,-100
2022-08-31,CDLSHORTLINE,100
2022-08-31,CDLHIKKAKE,100
2022-09-01,CDLLONGLEGGEDDOJI,100
2022-09-01,CDLGRAVESTONEDOJI,100
2022-09-01,CDLDOJI,100
2022-09-02,CDLHIGHWAVE,100
2022-09-02,CDLLONGLEGGEDDOJI,100
2022-09-02,CDLDOJI,100
2022-09-02,CDLSPINNINGTOP,100
2022-09-05,CDLSHORTLINE,100
2022-09-05,CDLDOJI,100
2022-09-05,CDLGAPSIDESIDEWHITE,100
2022-09-06,CDLSHORTLINE,100
2022-09-06,CDLLONGLEGGEDDOJI,100
2022-09-06,CDLDOJI,100
2022-09-06,CDLGRAVESTONEDOJI,100
2022-09-07,CDLSEPARATINGLINES,-100
2022-09-07,CDLMARUBOZU,-100
2022-09-07,CDLCLOSINGMARUBOZU,-100
2022-09-07,CDLLONGLINE,-100
2022-09-07,CDLBELTHOLD,-100
2022-09-08,CDLHARAMI,100
2022-09-08,CDLSHORTLINE,100
2022-09-12,CDLHANGINGMAN,-100
2022-09-13,CDLBELTHOLD,-100
2022-09-13,CDLLONGLINE,-100
2022-09-14,CDLDOJI,100
2022-09-14,CDLDOJISTAR,100
2022-09-14,CDLLONGLEGGEDDOJI,100
2022-09-14,CDLINVERTEDHAMMER,100
2022-09-14,CDLGRAVESTONEDOJI,100
2022-09-15,CDLCLOSINGMARUBOZU,100
2022-09-15,CDLMORNINGSTAR,100
2022-09-15,CDLMORNINGDOJISTAR,100
2022-09-16,CDLSHORTLINE,100
2022-09-16,CDLDOJI,100
2022-09-16,CDLINVERTEDHAMMER,100
2022-09-16,CDLLONGLEGGEDDOJI,100
2022-09-16,CDLGRAVESTONEDOJI,100
2022-09-19,CDLSHORTLINE,100
2022-09-19,CDLGAPSIDESIDEWHITE,-100
2022-09-19,CDLDOJI,100
2022-09-20,CDLHANGINGMAN,-100
2022-09-20,CDLLONGLEGGEDDOJI,100
2022-09-20,CDLDOJI,100
2022-09-20,CDLHAMMER,100
2022-09-20,CDLTAKURI,100
2022-09-20,CDLDRAGONFLYDOJI,100
2022-09-21,CDLCLOSINGMARUBOZU,-100
2022-09-21,CDLENGULFING,-100
2022-09-22,CDLCLOSINGMARUBOZU,100
2022-09-22,CDLTHRUSTING,-100
2022-09-23,CDLBELTHOLD,-100
2022-09-23,CDLCOUNTERATTACK,-100
2022-09-26,CDLBELTHOLD,-100
2022-09-27,CDLCLOSINGMARUBOZU,100
2022-09-28,CDLCLOSINGMARUBOZU,100
2022-09-29,CDLCLOSINGMARUBOZU,100
2022-09-29,CDLMARUBOZU,100
2022-09-29,CDLBELTHOLD,100
2022-09-29,CDLLONGLINE,100
2022-09-30,CDLDOJI,100
2022-09-30,CDLSHORTLINE,100
2022-10-03,CDLSHORTLINE,-100
2022-10-04,CDLSHORTLINE,100
2022-10-04,CDLDOJI,100
2022-10-05,CDLCLOSINGMARUBOZU,100
2022-10-06,CDLBELTHOLD,-100
2022-10-07,CDLSHORTLINE,100
2022-10-07,CDLDOJI,100
2022-10-11,CDLBELTHOLD,-100
2022-10-11,CDLHIKKAKE,100
2022-10-12,CDLTHRUSTING,-100
2022-10-12,CDLCLOSINGMARUBOZU,100
2022-10-13,CDLSHORTLINE,100
2022-10-14,CDLLONGLINE,100
2022-10-14,CDLCLOSINGMARUBOZU,100
2022-10-14,CDLMARUBOZU,100
2022-10-14,CDLBELTHOLD,100
2022-10-17,CDLLONGLINE,100
2022-10-17,CDLBELTHOLD,100
2022-10-17,CDLMARUBOZU,100
2022-10-17,CDLCLOSINGMARUBOZU,100
2022-10-18,CDLBELTHOLD,-100
2022-10-18,CDLDARKCLOUDCOVER,-100
2022-10-20,CDLHAMMER,100
2022-10-21,CDLSHORTLINE,100
2022-10-25,CDLSPINNINGTOP,-100
2022-10-26,CDLDOJI,100
2022-10-26,CDLSHORTLINE,100
2022-10-27,CDLSHORTLINE,100
2022-10-28,CDLDOJI,100
2022-10-28,CDLSHORTLINE,100
2022-10-31,CDLCLOSINGMARUBOZU,100
2022-10-31,CDLBELTHOLD,100
2022-10-31,CDLLONGLINE,100
2022-10-31,CDLMARUBOZU,100
2022-11-01,CDLDOJI,100
2022-11-01,CDLSHORTLINE,100
2022-11-02,CDLSHORTLINE,-100
2022-11-03,CDLBELTHOLD,100
2022-11-03,CDLCLOSINGMARUBOZU,100
2022-11-03,CDLLONGLINE,100
2022-11-03,CDLMARUBOZU,100
2022-11-04,CDLDOJI,100
2022-11-04,CDLSHORTLINE,100
2022-11-07,CDLCLOSINGMARUBOZU,100
2022-11-08,CDLCLOSINGMARUBOZU,100
2022-11-08,CDLMARUBOZU,100
2022-11-08,CDLBELTHOLD,100
2022-11-08,CDLLONGLINE,100
2022-11-09,CDLLONGLINE,-100
2022-11-09,CDLCLOSINGMARUBOZU,-100
2022-11-09,CDLBELTHOLD,-100
2022-11-09,CDLMARUBOZU,-100
2022-11-10,CDLHARAMI,100
2022-11-10,CDLHARAMICROSS,100
2022-11-10,CDLSHORTLINE,100
2022-11-10,CDLDOJI,100
2022-11-11,CDLCLOSINGMARUBOZU,100
2022-11-14,CDLDOJI,100
2022-11-14,CDLSHORTLINE,100
2022-11-15,CDLHIGHWAVE,-100
2022-11-15,CDLSPINNINGTOP,-100
2022-11-16,CDLSHORTLINE,-100
2022-11-17,CDLHIKKAKE,100
2022-11-17,CDLSHORTLINE,-100
2022-11-18,CDLHANGINGMAN,-100
2022-11-21,CDLBELTHOLD,100
2022-11-21,CDLMARUBOZU,100
2022-11-21,CDLHIKKAKE,200
2022-11-21,CDLLONGLINE,100
2022-11-21,CDLCLOSINGMARUBOZU,100
2022-11-22,CDLTAKURI,100
2022-11-22,CDLDOJI,100
2022-11-22,CDLDRAGONFLYDOJI,100
2022-11-22,CDLLONGLEGGEDDOJI,100
2022-11-22,CDLHAMMER,100
2022-11-23,CDLCLOSINGMARUBOZU,100
2022-11-24,CDLCLOSINGMARUBOZU,100
2022-11-24,CDLMARUBOZU,100
2022-11-24,CDLLONGLINE,100
2022-11-24,CDLBELTHOLD,100
2022-11-25,CDLLONGLINE,100
2022-11-25,CDLCLOSINGMARUBOZU,100
2022-11-25,CDLMARUBOZU,100
2022-11-25,CDLBELTHOLD,100
2022-11-29,CDLCLOSINGMARUBOZU,100
2022-11-30,CDLSHORTLINE,-100
2022-12-01,CDLBELTHOLD,100
2022-12-01,CDLCLOSINGMARUBOZU,100
2022-12-01,CDLLONGLINE,100
2022-12-01,CDLMARUBOZU,100
2022-12-02,CDLDOJI,100
2022-12-02,CDLDOJISTAR,-100
2022-12-02,CDLSHORTLINE,100
2022-12-05,CDLBELTHOLD,100
2022-12-06,CDLSHORTLINE,100
2022-12-07,CDLSHORTLINE,100
2022-12-07,CDLDOJI,100
2022-12-07,CDLHIKKAKE,-100
2022-12-08,CDLDOJI,100
2022-12-08,CDLSHORTLINE,100
2022-12-09,CDLDOJI,100
2022-12-09,CDLSHORTLINE,100
2022-12-12,CDLLONGLEGGEDDOJI,100
2022-12-12,CDLGRAVESTONEDOJI,100
2022-12-12,CDLINVERTEDHAMMER,100
2022-12-12,CDLDOJI,100
2022-12-13,CDLDOJI,100
2022-12-13,CDLSHORTLINE,100
2022-12-13,CDLGAPSIDESIDEWHITE,-100
2022-12-14,CDLCLOSINGMARUBOZU,100
2022-12-14,CDLMARUBOZU,100
2022-12-14,CDLBELTHOLD,100
2022-12-14,CDLLONGLINE,100
2022-12-15,CDLDOJI,100
2022-12-15,CDLDOJISTAR,-100
2022-12-15,CDLSHORTLINE,100
2022-12-16,CDLHAMMER,100
2022-12-19,CDLSHORTLINE,-100
2022-12-20,CDLBELTHOLD,100
2022-12-20,CDLLONGLINE,100
2022-12-20,CDLHIKKAKE,100
2022-12-20,CDLCLOSINGMARUBOZU,100
2022-12-20,CDLMARUBOZU,100
2022-12-21,CDLBELTHOLD,-100
2022-12-22,CDLBELTHOLD,100
2022-12-22,CDLCLOSINGMARUBOZU,100
2022-12-22,CDLLONGLINE,100
2022-12-22,CDLMARUBOZU,100
2022-12-23,CDLSHORTLINE,100
2022-12-23,CDLDOJI,100
2022-12-26,CDLDOJI,100
2022-12-26,CDLSHORTLINE,100
2022-12-27,CDLDOJI,100
2022-12-27,CDLSHORTLINE,100
2022-12-28,CDLTRISTAR,-100
2022-12-28,CDLDOJI,100
2022-12-28,CDLSHORTLINE,100
2022-12-29,CDLCLOSINGMARUBOZU,100
2022-12-29,CDLBELTHOLD,100
2022-12-29,CDLMARUBOZU,100
2022-12-29,CDLLONGLINE,100
2022-12-30,CDLSHORTLINE,100
2022-12-30,CDLHARAMICROSS,-100
2022-12-30,CDLHARAMI,-100
2022-12-30,CDLDOJI,100
2023-01-03,CDLSHORTLINE,100
2023-01-03,CDLHIKKAKE,-100
2023-01-04,CDLSHORTLINE,100
2023-01-04,CDLDOJI,100
2023-01-05,CDLSHORTLINE,100
2023-01-05,CDLDOJI,100
2023-01-06,CDLGAPSIDESIDEWHITE,100
2023-01-06,CDLDOJI,100
2023-01-09,CDLDOJI,100
2023-01-10,CDLBELTHOLD,100
2023-01-10,CDLCLOSINGMARUBOZU,100
2023-01-10,CDLMARUBOZU,100
2023-01-11,CDLCLOSINGMARUBOZU,-100
2023-01-11,CDLBELTHOLD,-100
2023-01-11,CDLMARUBOZU,-100
2023-01-12,CDLBELTHOLD,-100
2023-01-12,CDLCLOSINGMARUBOZU,-100
2023-01-12,CDLMARUBOZU,-100
2023-01-13,CDLDOJI,100
2023-01-16,CDLDOJI,100
2023-01-16,CDLGAPSIDESIDEWHITE,100
2023-01-17,CDLMARUBOZU,100
2023-01-17,CDLCLOSINGMARUBOZU,100
2023-01-17,CDLBELTHOLD,100
2023-01-30,CDLCLOSINGMARUBOZU,-100
2023-01-30,CDLMARUBOZU,-100
2023-01-30,CDLBELTHOLD,-100
2023-01-31,CDLDOJI,100
2023-01-31,CDLDOJISTAR,100
2023-02-03,CDLDOJI,100
2023-02-03,CDLSHORTLINE,100
2023-02-06,CDLBELTHOLD,100
2023-02-08,CDLSHORTLINE,100
2023-02-08,CDLDOJI,100
2023-02-09,CDLDOJI,100
2023-02-09,CDLSHORTLINE,100
2023-02-10,CDLLONGLEGGEDDOJI,100
2023-02-10,CDLTAKURI,100
2023-02-10,CDLHANGINGMAN,-100
2023-02-10,CDLHAMMER,100
2023-02-10,CDLDRAGONFLYDOJI,100
2023-02-10,CDLDOJI,100
2023-02-13,CDLCLOSINGMARUBOZU,100
2023-02-14,CDLCLOSINGMARUBOZU,100
2023-02-14,CDLBELTHOLD,100
2023-02-14,CDLMARUBOZU,100
2023-02-14,CDLLONGLINE,100
2023-02-15,CDLSHORTLINE,100
2023-02-16,CDLBELTHOLD,100
2023-02-17,CDLBELTHOLD,-100
2023-02-21,CDLSHORTLINE,-100
2023-02-24,CDLSHORTLINE,100
2023-03-01,CDLBELTHOLD,100
2023-03-02,CDLBELTHOLD,100
2023-03-06,CDLSHORTLINE,100
2023-03-06,CDLHIKKAKE,100
2023-03-06,CDLDOJI,100
2023-03-07,CDLHIKKAKE,200
2023-03-07,CDLBELTHOLD,100
2023-03-08,CDLBELTHOLD,-100
2023-03-08,CDLCOUNTERATTACK,-100
2023-03-09,CDLHIGHWAVE,100
2023-03-09,CDLHARAMICROSS,100
2023-03-09,CDLDOJI,100
2023-03-09,CDLRICKSHAWMAN,100
2023-03-09,CDLLONGLEGGEDDOJI,100
2023-03-09,CDLSPINNINGTOP,100
2023-03-09,CDLHARAMI,100
2023-03-10,CDLBELTHOLD,-100
2023-03-13,CDLLONGLEGGEDDOJI,100
2023-03-13,CDLDOJI,100
2023-03-13,CDLRICKSHAWMAN,100
2023-03-13,CDLSPINNINGTOP,-100
2023-03-13,CDLSHORTLINE,-100
2023-03-14,CDLHIKKAKE,100
2023-03-14,CDLSHORTLINE,-100
2023-03-15,CDLLONGLEGGEDDOJI,100
2023-03-15,CDLDOJI,100
2023-03-15,CDLSHORTLINE,100
2023-03-15,CDLGRAVESTONEDOJI,100
2023-03-16,CDLSHORTLINE,-100
2023-03-16,CDLSTICKSANDWICH,100
2023-03-20,CDLSHORTLINE,100
2023-03-20,CDLDOJI,100
2023-03-21,CDLINVERTEDHAMMER,100
2023-03-22,CDLSHORTLINE,100
2023-03-23,CDLSHORTLINE,100
2023-03-23,CDLHIKKAKE,-100
2023-03-24,CDLTAKURI,100
2023-03-24,CDLLONGLEGGEDDOJI,100
2023-03-24,CDLDRAGONFLYDOJI,100
2023-03-24,CDLDOJI,100
2023-03-27,CDLCLOSINGMARUBOZU,100
2023-03-28,CDLBELTHOLD,-100
2023-03-28,CDLLONGLINE,-100
2023-03-28,CDLMARUBOZU,-100
2023-03-28,CDLCLOSINGMARUBOZU,-100
2023-03-29,CDLDOJI,100
2023-03-29,CDLSPINNINGTOP,100
2023-03-29,CDLRICKSHAWMAN,100
2023-03-29,CDLHIGHWAVE,100
2023-03-29,CDLLONGLEGGEDDOJI,100
2023-03-30,CDLLONGLINE,100
2023-03-30,CDLMARUBOZU,100
2023-03-30,CDLCLOSINGMARUBOZU,100
2023-03-30,CDLBELTHOLD,100
2023-03-31,CDLLONGLEGGEDDOJI,100
2023-03-31,CDLGRAVESTONEDOJI,100
2023-03-31,CDLDOJI,100
2023-04-06,CDLSHORTLINE,-100
2023-04-07,CDLBELTHOLD,-100
2023-04-10,CDLCLOSINGMARUBOZU,-100
2023-04-10,CDLLONGLINE,-100
2023-04-10,CDLMARUBOZU,-100
2023-04-10,CDLBELTHOLD,-100
2023-04-11,CDLDOJI,100
2023-04-11,CDLSHORTLINE,100
2023-04-12,CDLDOJI,100
2023-04-12,CDLSHORTLINE,100
2023-04-14,CDLHIGHWAVE,100
2023-04-14,CDLLONGLEGGEDDOJI,100
2023-04-14,CDLSPINNINGTOP,100
2023-04-14,CDLDOJI,100
2023-04-17,CDLDOJI,100
2023-04-17,CDLLONGLEGGEDDOJI,100
2023-04-17,CDLGRAVESTONEDOJI,100
2023-04-17,CDLINVERTEDHAMMER,100
2023-04-18,CDLHIKKAKE,100
2023-04-18,CDLLONGLEGGEDDOJI,100
2023-04-18,CDLGAPSIDESIDEWHITE,-100
2023-04-18,CDLDOJI,100
2023-04-18,CDLHAMMER,100
2023-04-18,CDLTAKURI,100
2023-04-18,CDLDRAGONFLYDOJI,100
2023-04-19,CDLGRAVESTONEDOJI,100
2023-04-19,CDLDOJI,100
2023-04-19,CDLINVERTEDHAMMER,100
2023-04-19,CDLLONGLEGGEDDOJI,100
2023-04-20,CDLHIKKAKE,200
2023-04-20,CDLBELTHOLD,100
2023-04-21,CDLLONGLEGGEDDOJI,100
2023-04-21,CDLHARAMICROSS,-100
2023-04-21,CDLHARAMI,-100
2023-04-21,CDLGRAVESTONEDOJI,100
2023-04-21,CDLDOJI,100
2023-04-24,CDLHIKKAKE,100
2023-04-24,CDLHAMMER,100
2023-04-25,CDLCLOSINGMARUBOZU,-100
2023-04-26,CDLMATCHINGLOW,100
2023-04-26,CDLBELTHOLD,-100
2023-04-26,CDLLONGLINE,-100
2023-04-27,CDLLONGLINE,-100
2023-04-27,CDLMARUBOZU,-100
2023-04-27,CDLCLOSINGMARUBOZU,-100
2023-04-27,CDLBELTHOLD,-100
2023-04-28,CDLSHORTLINE,100
2023-04-28,CDLDOJI,100
2023-05-02,CDLSPINNINGTOP,100
2023-05-02,CDLHIGHWAVE,100
2023-05-02,CDLLONGLEGGEDDOJI,100
2023-05-02,CDLDOJI,100
2023-05-03,CDLBELTHOLD,100
2023-05-03,CDLLONGLINE,100
2023-05-04,CDLLONGLINE,100
2023-05-04,CDLCLOSINGMARUBOZU,100
2023-05-05,CDLHIKKAKE,-100
2023-05-09,CDLSPINNINGTOP,100
2023-05-10,CDLHIKKAKE,-100
2023-05-10,CDLGRAVESTONEDOJI,100
2023-05-10,CDLLONGLEGGEDDOJI,100
2023-05-10,CDLDOJI,100
2023-05-11,CDLHIKKAKE,-200
2023-05-12,CDLBELTHOLD,-100
2023-05-12,CDLLONGLINE,-100
2023-05-12,CDLMARUBOZU,-100
2023-05-12,CDLCLOSINGMARUBOZU,-100
2023-05-15,CDLHAMMER,100
2023-05-16,CDLSHORTLINE,100
2023-05-17,CDLBELTHOLD,100
2023-05-17,CDLLONGLINE,100
2023-05-18,CDLLONGLINE,100
2023-05-18,CDLBELTHOLD,100
2023-05-18,CDLCLOSINGMARUBOZU,100
2023-05-18,CDLMARUBOZU,100
2023-05-19,CDLBELTHOLD,-100
2023-05-19,CDLMARUBOZU,-100
2023-05-19,CDLCLOSINGMARUBOZU,-100
2023-05-19,CDLLONGLINE,-100
2023-05-22,CDLSHORTLINE,-100
2023-05-23,CDLSHORTLINE,-100
2023-05-25,CDLSHORTLINE,100
2023-05-25,CDLDOJI,100
2023-05-26,CDLBELTHOLD,100
2023-05-29,CDLBELTHOLD,100
2023-05-30,CDLDOJI,100
2023-05-30,CDLTAKURI,100
2023-05-30,CDLHARAMI,-100
2023-05-30,CDLDRAGONFLYDOJI,100
2023-05-30,CDLHARAMICROSS,-100
2023-05-30,CDLLONGLEGGEDDOJI,100
2023-05-31,CDLHAMMER,100
2023-06-01,CDLBELTHOLD,100
2023-06-01,CDLCLOSINGMARUBOZU,100
2023-06-01,CDLMARUBOZU,100
2023-06-01,CDLLONGLINE,100
2023-06-02,CDLBELTHOLD,100
2023-06-02,CDLCLOSINGMARUBOZU,100
2023-06-02,CDLLONGLINE,100
2023-06-02,CDLMARUBOZU,100
2023-06-05,CDLSHORTLINE,-100
2023-06-06,CDLLONGLINE,-100
2023-06-06,CDLMARUBOZU,-100
2023-06-06,CDLCLOSINGMARUBOZU,-100
2023-06-06,CDLBELTHOLD,-100
2023-06-07,CDLLONGLINE,-100
2023-06-07,CDLCLOSINGMARUBOZU,-100
2023-06-07,CDLMARUBOZU,-100
2023-06-07,CDLBELTHOLD,-100
2023-06-08,CDLSHORTLINE,100
2023-06-08,CDLHARAMI,100
2023-06-09,CDL3INSIDE,100
2023-06-09,CDLHIKKAKE,-100
2023-06-12,CDLHIKKAKE,-200
2023-06-12,CDLSPINNINGTOP,-100
2023-06-13,CDLDOJI,100
2023-06-13,CDLSHORTLINE,100
2023-06-14,CDLSHORTLINE,100
2023-06-14,CDLDOJI,100
2023-06-15,CDLBELTHOLD,-100
2023-06-15,CDLSEPARATINGLINES,-100
2023-06-16,CDLHAMMER,100
2023-06-19,CDLMARUBOZU,-100
2023-06-19,CDLBELTHOLD,-100
2023-06-19,CDLCLOSINGMARUBOZU,-100
2023-06-19,CDLLONGLINE,-100
2023-06-20,CDLBELTHOLD,-100
2023-06-21,CDLMARUBOZU,100
2023-06-21,CDLCLOSINGMARUBOZU,100
2023-06-21,CDLBELTHOLD,100
2023-06-21,CDLLONGLINE,100
2023-06-26,CDLDOJI,100
2023-06-26,CDLSHORTLINE,100
2023-06-27,CDLSHORTLINE,100
2023-06-27,CDLDOJI,100
2023-06-28,CDLSHORTLINE,-100
2023-06-29,CDLMATCHINGLOW,100
2023-07-04,CDLENGULFING,100
2023-07-04,CDLBELTHOLD,100
2023-07-06,CDLBELTHOLD,-100
2023-07-07,CDLBELTHOLD,-100
2023-07-10,CDLMARUBOZU,100
2023-07-10,CDLLONGLINE,100
2023-07-10,CDLCLOSINGMARUBOZU,100
2023-07-10,CDLENGULFING,100
2023-07-10,CDLBELTHOLD,100
2023-07-11,CDLSHORTLINE,100
2023-07-11,CDLHARAMI,-100
2023-07-13,CDLSHORTLINE,-100
2023-07-17,CDLHAMMER,100
2023-07-18,CDLBELTHOLD,-100
2023-07-19,CDLCLOSINGMARUBOZU,-100
2023-07-20,CDLBELTHOLD,100
2023-07-21,CDLDOJI,100
2023-07-21,CDLSHORTLINE,-100
2023-07-25,CDLMARUBOZU,-100
2023-07-25,CDLBELTHOLD,-100
2023-07-25,CDLCLOSINGMARUBOZU,-100
2023-07-25,CDLLONGLINE,-100
2023-07-26,CDLCLOSINGMARUBOZU,-100
2023-07-26,CDLHIKKAKE,100
2023-07-26,CDLLONGLINE,-100
2023-07-27,CDLMATCHINGLOW,100
2023-07-27,CDLDOJI,100
2023-07-27,CDLSHORTLINE,-100
2023-07-28,CDLDOJI,100
2023-07-28,CDLSHORTLINE,100
2023-07-31,CDLSHORTLINE,100
2023-07-31,CDLDOJI,100
2023-08-01,CDLGRAVESTONEDOJI,100
2023-08-01,CDLDOJI,100
2023-08-01,CDLLONGLEGGEDDOJI,100
2023-08-01,CDLSHORTLINE,100
2023-08-01,CDLSHOOTINGSTAR,-100
2023-08-02,CDLLONGLINE,-100
2023-08-02,CDLSEPARATINGLINES,-100
2023-08-02,CDLBELTHOLD,-100
2023-08-02,CDLCLOSINGMARUBOZU,-100
2023-08-02,CDLMARUBOZU,-100
2023-08-04,CDLCLOSINGMARUBOZU,100
2023-08-07,CDLLONGLINE,100
2023-08-07,CDLCLOSINGMARUBOZU,100
2023-08-07,CDLBELTHOLD,100
2023-08-07,CDLMARUBOZU,100
2023-08-08,CDLBELTHOLD,100
2023-08-08,CDLLONGLINE,100
2023-08-08,CDLCLOSINGMARUBOZU,100
2023-08-08,CDLMARUBOZU,100
2023-08-09,CDLLONGLINE,100
2023-08-09,CDLBELTHOLD,100
2023-08-10,CDLBELTHOLD,-100
2023-08-11,CDLCLOSINGMARUBOZU,-100
2023-08-14,CDLCLOSINGMARUBOZU,-100
2023-08-15,CDLDOJI,100
2023-08-15,CDLSHORTLINE,100
2023-08-17,CDLMARUBOZU,-100
2023-08-17,CDLBELTHOLD,-100
2023-08-17,CDLCLOSINGMARUBOZU,-100
2023-08-17,CDLLONGLINE,-100
2023-08-18,CDLSHORTLINE,100
2023-08-18,CDLDOJISTAR,100
2023-08-18,CDLDOJI,100
2023-08-18,CDLHIKKAKE,100
2023-08-18,CDLONNECK,-100
2023-08-21,CDLSHORTLINE,100
2023-08-21,CDLGAPSIDESIDEWHITE,-100
2023-08-21,CDLDOJI,100
2023-08-22,CDLSHORTLINE,100
2023-08-22,CDLDOJI,100
2023-08-24,CDLINVERTEDHAMMER,100
2023-08-28,CDLSHORTLINE,100
2023-08-28,CDLDOJI,100
2023-08-29,CDLSHORTLINE,-100
2023-08-30,CDLSHORTLINE,-100
2023-08-31,CDLCLOSINGMARUBOZU,100
2023-09-01,CDLHARAMI,-100
2023-09-04,CDLBELTHOLD,100
2023-09-04,CDLLONGLINE,100
2023-09-04,CDLMARUBOZU,100
2023-09-04,CDLHIKKAKE,-100
2023-09-04,CDLCLOSINGMARUBOZU,100
2023-09-05,CDLHIGHWAVE,-100
2023-09-05,CDLSPINNINGTOP,-100
2023-09-06,CDLHIKKAKE,-200
2023-09-06,CDLBELTHOLD,-100
2023-09-07,CDLCLOSINGMARUBOZU,100
2023-09-11,CDLHIKKAKE,100
2023-09-11,CDLSHORTLINE,100
2023-09-12,CDLSHORTLINE,-100
2023-09-13,CDLLONGLINE,-100
2023-09-13,CDLBELTHOLD,-100
2023-09-13,CDLCLOSINGMARUBOZU,-100
2023-09-13,CDLMARUBOZU,-100
2023-09-14,CDLSHORTLINE,100
2023-09-14,CDLHARAMI,100
2023-09-15,CDLENGULFING,-100
2023-09-15,CDLSHORTLINE,-100
2023-09-15,CDLSTICKSANDWICH,100
2023-09-18,CDL3OUTSIDE,-100
2023-09-18,CDLSHORTLINE,-100
2023-09-19,CDLDOJI,100
2023-09-19,CDLSHORTLINE,100
2023-09-20,CDLBELTHOLD,-100
2023-09-21,CDLSHORTLINE,100
2023-09-22,CDLSHORTLINE,-100
2023-09-25,CDLMATCHINGLOW,100
2023-09-25,CDLSHORTLINE,-100
2023-09-26,CDLMARUBOZU,-100
2023-09-26,CDLLONGLINE,-100
2023-09-26,CDLCLOSINGMARUBOZU,-100
2023-09-26,CDLBELTHOLD,-100
2023-09-27,CDLBELTHOLD,-100
2023-09-27,CDLLONGLINE,-100
2023-09-27,CDLCLOSINGMARUBOZU,-100
2023-09-27,CDLMARUBOZU,-100
2023-09-28,CDLLONGLINE,100
2023-09-28,CDLCLOSINGMARUBOZU,100
2023-09-28,CDLBELTHOLD,100
2023-09-28,CDLCOUNTERATTACK,100
2023-09-28,CDLMARUBOZU,100
2023-09-28,CDLINNECK,-100
2023-09-28,CDLONNECK,-100
2023-10-02,CDLBELTHOLD,-100
2023-10-03,CDLSHORTLINE,-100
2023-10-04,CDLSHORTLINE,100
2023-10-04,CDLDOJI,100
2023-10-04,CDLHIKKAKE,-100
2023-10-05,CDLSHORTLINE,100
2023-10-05,CDLGAPSIDESIDEWHITE,100
2023-10-05,CDLDOJI,100
2023-10-06,CDLBELTHOLD,-100
2023-10-11,CDLDOJISTAR,100
2023-10-11,CDLDOJI,100
2023-10-11,CDLSHORTLINE,100
2023-10-12,CDLLONGLINE,100
2023-10-12,CDLCLOSINGMARUBOZU,100
2023-10-12,CDLBELTHOLD,100
2023-10-12,CDLMARUBOZU,100
2023-10-13,CDLSEPARATINGLINES,-100
2023-10-13,CDLBELTHOLD,-100
2023-10-17,CDLSHORTLINE,-100
2023-10-18,CDLBELTHOLD,100
2023-10-18,CDLLONGLINE,100
2023-10-19,CDLDOJISTAR,-100
2023-10-19,CDLDOJI,100
2023-10-19,CDLSHORTLINE,100
2023-10-20,CDLDOJI,100
2023-10-20,CDLSHORTLINE,100
2023-10-23,CDLSHORTLINE,100
2023-10-23,CDLDOJI,100
2023-10-24,CDLSHORTLINE,100
2023-10-24,CDLGAPSIDESIDEWHITE,-100
2023-10-24,CDLDOJI,100
2023-10-25,CDLINVERTEDHAMMER,100
2023-10-26,CDLCLOSINGMARUBOZU,-100
2023-10-26,CDLLONGLINE,-100
2023-10-26,CDLMARUBOZU,-100
2023-10-26,CDLENGULFING,-100
2023-10-26,CDLBELTHOLD,-100
2023-10-27,CDLCLOSINGMARUBOZU,-100
2023-10-27,CDLBELTHOLD,-100
2023-10-27,CDL3OUTSIDE,-100
2023-10-27,CDLMARUBOZU,-100
2023-10-27,CDLLONGLINE,-100
2023-10-30,CDLINVERTEDHAMMER,100
2023-10-31,CDLMORNINGSTAR,100
2023-10-31,CDLCLOSINGMARUBOZU,100
2023-11-01,CDLDOJI,100
2023-11-01,CDLSHORTLINE,100
2023-11-01,CDLDOJISTAR,-100
2023-11-02,CDLDOJI,100
2023-11-02,CDLSHORTLINE,100
2023-11-03,CDLDOJI,100
2023-11-03,CDLSHORTLINE,100
2023-11-03,CDLGAPSIDESIDEWHITE,-100
2023-11-06,CDLCLOSINGMARUBOZU,-100
2023-11-06,CDLBELTHOLD,-100
2023-11-06,CDLMARUBOZU,-100
2023-11-06,CDLSEPARATINGLINES,-100
2023-11-06,CDLLONGLINE,-100
2023-11-07,CDLSHORTLINE,100
2023-11-08,CDLDOJI,100
2023-11-08,CDLLONGLEGGEDDOJI,100
2023-11-08,CDLGRAVESTONEDOJI,100
2023-11-10,CDLMATCHINGLOW,100
2023-11-10,CDLSHORTLINE,-100
2023-11-13,CDLHANGINGMAN,-100
2023-11-14,CDLLONGLINE,100
2023-11-14,CDLBELTHOLD,100
2023-11-14,CDLCLOSINGMARUBOZU,100
2023-11-14,CDLMARUBOZU,100
2023-11-15,CDLBELTHOLD,-100
2023-11-15,CDLCLOSINGMARUBOZU,-100
2023-11-15,CDLMARUBOZU,-100
2023-11-15,CDLLONGLINE,-100
2023-11-17,CDLMARUBOZU,100
2023-11-17,CDLCLOSINGMARUBOZU,100
2023-11-17,CDLLONGLINE,100
2023-11-17,CDLBELTHOLD,100
2023-11-20,CDLBELTHOLD,-100
2023-11-21,CDLBELTHOLD,100
2023-11-22,CDLDOJI,100
2023-11-22,CDLSHORTLINE,100
2023-11-23,CDLHIKKAKE,100
2023-11-23,CDLSHORTLINE,-100
2023-11-24,CDLSHORTLINE,-100
2023-11-27,CDLSHORTLINE,100
2023-11-27,CDLDOJI,100
2023-11-29,CDLDRAGONFLYDOJI,100
2023-11-29,CDLLONGLEGGEDDOJI,100
2023-11-29,CDLDOJI,100
2023-11-29,CDLSHORTLINE,100
2023-11-29,CDLHANGINGMAN,-100
2023-11-29,CDLTAKURI,100
2023-11-30,CDLLONGLEGGEDDOJI,100
2023-11-30,CDLTAKURI,100
2023-11-30,CDLDOJI,100
2023-11-30,CDLGAPSIDESIDEWHITE,100
2023-11-30,CDLDRAGONFLYDOJI,100
2023-11-30,CDLHANGINGMAN,-100
2023-11-30,CDLSHORTLINE,100
2023-12-04,CDLHARAMICROSS,-100
2023-12-04,CDLSHORTLINE,100
2023-12-04,CDLDOJI,100
2023-12-04,CDLHARAMI,-100
2023-12-04,CDLLONGLEGGEDDOJI,100
2023-12-04,CDLGRAVESTONEDOJI,100
2023-12-05,CDLHIKKAKE,100
2023-12-05,CDLSHORTLINE,100
2023-12-06,CDLHIKKAKE,200
2023-12-08,CDLLONGLEGGEDDOJI,100
2023-12-08,CDLDRAGONFLYDOJI,100
2023-12-08,CDLTAKURI,100
2023-12-08,CDLDOJI,100
2023-12-08,CDLSHORTLINE,100
2023-12-11,CDLDOJI,100
2023-12-11,CDLGRAVESTONEDOJI,100
2023-12-11,CDLLONGLEGGEDDOJI,100
2023-12-11,CDLHIKKAKE,100
2023-12-11,CDLSHORTLINE,100
2023-12-11,CDLINVERTEDHAMMER,100
2023-12-12,CDLBELTHOLD,100
2023-12-12,CDLHIKKAKE,200
2023-12-12,CDLMARUBOZU,100
2023-12-12,CDLCLOSINGMARUBOZU,100
2023-12-12,CDLLONGLINE,100
2023-12-13,CDLBELTHOLD,-100
2023-12-13,CDLCLOSINGMARUBOZU,-100
2023-12-13,CDLMARUBOZU,-100
2023-12-13,CDLLONGLINE,-100
2023-12-14,CDLINVERTEDHAMMER,100
2023-12-15,CDLSHORTLINE,100
2023-12-15,CDLLONGLEGGEDDOJI,100
2023-12-15,CDLDOJI,100
2023-12-15,CDLHAMMER,100
2023-12-15,CDLTAKURI,100
2023-12-15,CDLDRAGONFLYDOJI,100
2023-12-18,CDLSHORTLINE,-100
2023-12-19,CDLCLOSINGMARUBOZU,100
2023-12-19,CDLLONGLINE,100
2023-12-19,CDLBELTHOLD,100
2023-12-19,CDLENGULFING,100
2023-12-19,CDLMARUBOZU,100
2023-12-20,CDLSHORTLINE,100
2023-12-21,CDLCLOSINGMARUBOZU,-100
2023-12-25,CDLDOJI,100
2023-12-25,CDLSHORTLINE,100
2023-12-26,CDLCLOSINGMARUBOZU,100
2023-12-28,CDLMARUBOZU,100
2023-12-28,CDLBELTHOLD,100
2023-12-28,CDLCLOSINGMARUBOZU,100
2023-12-28,CDLLONGLINE,100
2023-12-29,CDLBELTHOLD,100
2024-01-02,CDLSPINNINGTOP,100
2024-01-03,CDLLONGLINE,-100
2024-01-03,CDLEVENINGSTAR,-100
2024-01-03,CDLBELTHOLD,-100
2024-01-04,CDLDOJI,100
2024-01-04,CDLSHORTLINE,100
2024-01-05,CDLHIKKAKE,-100
2024-01-05,CDLSHORTLINE,100
2024-01-08,CDLHANGINGMAN,-100
2024-01-10,CDLHIKKAKE,-100
2024-01-10,CDLDOJI,100
2024-01-10,CDLSHORTLINE,100
2024-01-12,CDLSHORTLINE,100
2024-01-12,CDLDOJI,100
2024-01-15,CDLCLOSINGMARUBOZU,100
2024-01-15,CDLMARUBOZU,100
2024-01-15,CDLLONGLINE,100
2024-01-15,CDLBELTHOLD,100
2024-01-16,CDLMARUBOZU,100
2024-01-16,CDLBELTHOLD,100
2024-01-16,CDLLONGLINE,100
2024-01-16,CDLCLOSINGMARUBOZU,100
2024-01-17,CDLCLOSINGMARUBOZU,-100
2024-01-18,CDLBELTHOLD,-100
2024-01-18,CDLCLOSINGMARUBOZU,-100
2024-01-18,CDLMARUBOZU,-100
2024-01-18,CDLLONGLINE,-100
2024-01-19,CDLSHORTLINE,-100
2024-01-22,CDLSHORTLINE,-100
2024-01-22,CDLDOJI,100
2024-01-23,CDLSHORTLINE,-100
2024-01-24,CDLBELTHOLD,-100
2024-01-25,CDLLONGLINE,-100
2024-01-25,CDLMARUBOZU,-100
2024-01-25,CDLBELTHOLD,-100
2024-01-25,CDLCLOSINGMARUBOZU,-100
2024-01-26,CDLCLOSINGMARUBOZU,100
2024-01-26,CDLTHRUSTING,-100
2024-01-26,CDLBELTHOLD,100
2024-01-26,CDLMARUBOZU,100
2024-01-26,CDLLONGLINE,100
2024-01-29,CDLSHORTLINE,100
2024-01-30,CDLCLOSINGMARUBOZU,100
2024-01-30,CDLMARUBOZU,100
2024-01-30,CDLBELTHOLD,100
2024-01-30,CDLLONGLINE,100
2024-01-31,CDLSHORTLINE,100
2024-02-01,CDLBELTHOLD,100
2024-02-02,CDLSHORTLINE,100
2024-02-02,CDLDOJI,100
2024-02-15,CDLLONGLEGGEDDOJI,100
2024-02-15,CDLDRAGONFLYDOJI,100
2024-02-15,CDLTAKURI,100
2024-02-15,CDLDOJI,100
2024-02-16,CDLBELTHOLD,-100
2024-02-16,CDLHIKKAKE,100
2024-02-19,CDLCLOSINGMARUBOZU,100
2024-02-20,CDLBELTHOLD,-100
2024-02-20,CDLCLOSINGMARUBOZU,-100
2024-02-20,CDLMARUBOZU,-100
2024-02-20,CDLLONGLINE,-100
2024-02-21,CDLGRAVESTONEDOJI,100
2024-02-21,CDLHARAMICROSS,100
2024-02-21,CDLHARAMI,100
2024-02-21,CDLDOJI,100
2024-02-21,CDLLONGLEGGEDDOJI,100
2024-02-22,CDLENGULFING,-100
2024-02-22,CDLHAMMER,100
2024-02-23,CDLBELTHOLD,-100
2024-02-23,CDLLONGLINE,-100
2024-02-23,CDL3OUTSIDE,-100
2024-02-23,CDLCLOSINGMARUBOZU,-100
2024-02-23,CDLMARUBOZU,-100
2024-02-26,CDLHOMINGPIGEON,100
2024-02-26,CDLHARAMI,100
2024-02-27,CDLSHORTLINE,-100
2024-02-29,CDLHIKKAKE,100
2024-02-29,CDLLONGLINE,-100
2024-02-29,CDLMARUBOZU,-100
2024-02-29,CDLCLOSINGMARUBOZU,-100
2024-02-29,CDLBELTHOLD,-100
2024-03-01,CDLSHORTLINE,-100
2024-03-04,CDLENGULFING,100
2024-03-04,CDLMARUBOZU,100
2024-03-04,CDLLONGLINE,100
2024-03-04,CDLCLOSINGMARUBOZU,100
2024-03-04,CDLBELTHOLD,100
2024-03-05,CDLMARUBOZU,-100
2024-03-05,CDLBELTHOLD,-100
2024-03-05,CDLCLOSINGMARUBOZU,-100
2024-03-05,CDLLONGLINE,-100
2024-03-07,CDLCLOSINGMARUBOZU,-100
2024-03-07,CDLMARUBOZU,-100
2024-03-07,CDLBELTHOLD,-100
2024-03-07,CDLLONGLINE,-100
2024-03-12,CDLSHOOTINGSTAR,-100
2024-03-13,CDLSPINNINGTOP,100
2024-03-14,CDLLONGLEGGEDDOJI,100
2024-03-14,CDLGRAVESTONEDOJI,100
2024-03-14,CDLDOJI,100
2024-03-14,CDLINVERTEDHAMMER,100
2024-03-15,CDLCLOSINGMARUBOZU,-100
2024-03-18,CDLBELTHOLD,-100
2024-03-20,CDLSHORTLINE,100
2024-03-21,CDLSHORTLINE,-100
2024-03-22,CDLCLOSINGMARUBOZU,-100
